الترتيب,الرمز,الاسم,القطاع,السعر,التغير_20يوم_%,RSI14,الدرجة,التصنيف,تجميع_ذكي,سيولة_ذكية,تشبع_بيع_وارتداد,اختراق_فني,بنية_الاتجاه,عقوبة_تصريف,أسباب_الاختيار
1,6015,أمريكانا,الخدمات الاستهلاكية,2.28,9.6,72.5,76.3,🚀 اختراق صاعد,21.3,20.0,5.0,20.0,10.0,0.0,📦 تدفق نقدي إيجابي مستمر (CMF≈+0.14) يدل على تجميع | 📈 مؤشر OBV في صعود مستمر خلال 20 جلسة | 💧 حجم أيام الصعود أعلى من النزول بنسبة 2.3x خلال 10 جلسات | 🔊 تسارع نشاط التداول: متوسط 5 أيام أعلى من متوسط 20 يوماً بـ2.0x | 🕯️ شمعة انعكاسية صعودية (ذيل سفلي طويل + إغلاق قوي) خلال آخر 3 جلسات | 🚀 اختراق فني: إغلاق فوق أعلى قمة لـ20 جلسة بحجم 2.2x المتوسط | 📐 ترتيب صاعد للمتوسطات: السعر > متوسط 50 > متوسط 100 يوم
2,7200,ام آي اس,التطبيقات وخدمات التقنية,268.4,20.5,76.0,71.8,🚀 اختراق صاعد,16.8,20.0,0.0,25.0,10.0,0.0,📦 تدفق نقدي إيجابي مستمر (CMF≈+0.28) يدل على تجميع | 💧 حجم أيام الصعود أعلى من النزول بنسبة 8.4x خلال 10 جلسات | 🔊 تسارع نشاط التداول: متوسط 5 أيام أعلى من متوسط 20 يوماً بـ2.0x | 🚀 اختراق فني: إغلاق فوق أعلى قمة لـ20 جلسة بحجم 3.7x المتوسط | 📊 تقاطع MACD صعودي حديث (زخم إيجابي متجدد) | 📐 ترتيب صاعد للمتوسطات: السعر > متوسط 50 > متوسط 100 يوم
3,2280,المراعي,إنتاج الأغذية,47.54,3.1,61.6,69.0,🚀 اختراق صاعد,28.7,13.1,0.0,17.2,10.0,0.0,📦 تدفق نقدي إيجابي مستمر (CMF≈+0.52) يدل على تجميع | 📈 مؤشر OBV في صعود مستمر خلال 20 جلسة مع تماسك سعري هادئ (تجميع بصمت) | 💧 حجم أيام الصعود أعلى من النزول بنسبة 3.4x خلال 10 جلسات | 🚀 اختراق فني: إغلاق فوق أعلى قمة لـ20 جلسة بحجم 1.0x المتوسط | 📊 تقاطع MACD صعودي حديث (زخم إيجابي متجدد) | 📐 ترتيب صاعد للمتوسطات: السعر > متوسط 50 > متوسط 100 يوم
4,7202,سلوشنز,التطبيقات وخدمات التقنية,219.3,9.6,68.3,63.9,🚀 اختراق صاعد,18.9,20.0,0.0,20.0,5.0,0.0,📦 تدفق نقدي إيجابي مستمر (CMF≈+0.16) يدل على تجميع | 📈 مؤشر OBV في صعود مستمر خلال 20 جلسة | 💧 حجم أيام الصعود أعلى من النزول بنسبة 2.4x خلال 10 جلسات | 🔊 تسارع نشاط التداول: متوسط 5 أيام أعلى من متوسط 20 يوماً بـ2.1x | 🚀 اختراق فني: إغلاق فوق أعلى قمة لـ20 جلسة بحجم 2.2x المتوسط | 📐 السعر أعلى من المتوسط المتحرك 50 يوم
5,2284,المطاحن الحديثة,إنتاج الأغذية,30.4,6.4,72.2,63.0,🚀 اختراق صاعد,14.9,18.1,0.0,20.0,10.0,0.0,📈 مؤشر OBV في صعود مستمر خلال 20 جلسة | 💧 حجم أيام الصعود أعلى من النزول بنسبة 3.3x خلال 10 جلسات | 🔊 تسارع نشاط التداول: متوسط 5 أيام أعلى من متوسط 20 يوماً بـ1.6x | 🚀 اختراق فني: إغلاق فوق أعلى قمة لـ20 جلسة بحجم 3.0x المتوسط | 📐 ترتيب صاعد للمتوسطات: السعر > متوسط 50 > متوسط 100 يوم
6,1323,يو سي آي سي,المواد الأساسية,27.6,3.5,64.5,60.9,📦 تجميع هادئ,26.7,19.2,0.0,5.0,10.0,0.0,📦 تدفق نقدي إيجابي مستمر (CMF≈+0.21) يدل على تجميع | 📈 مؤشر OBV في صعود مستمر خلال 20 جلسة مع تماسك سعري هادئ (تجميع بصمت) | 💧 حجم أيام الصعود أعلى من النزول بنسبة 6.2x خلال 10 جلسات | 🔊 تسارع نشاط التداول: متوسط 5 أيام أعلى من متوسط 20 يوماً بـ1.7x | 📐 ترتيب صاعد للمتوسطات: السعر > متوسط 50 > متوسط 100 يوم
7,1030,الإستثمار,البنوك,13.99,4.2,62.6,60.8,📦 تجميع هادئ,19.5,16.3,5.0,10.0,10.0,0.0,📦 تدفق نقدي إيجابي مستمر (CMF≈+0.38) يدل على تجميع | 📈 مؤشر OBV في صعود مستمر خلال 20 جلسة | 💧 حجم أيام الصعود أعلى من النزول بنسبة 3.3x خلال 10 جلسات | 🔊 تسارع نشاط التداول: متوسط 5 أيام أعلى من متوسط 20 يوماً بـ1.3x | 🕯️ شمعة انعكاسية صعودية (ذيل سفلي طويل + إغلاق قوي) خلال آخر 3 جلسات | 👀 السهم يقترب من اختراق قمة 20 جلسة | 📐 ترتيب صاعد للمتوسطات: السعر > متوسط 50 > متوسط 100 يوم
8,4320,الأندلس,تطوير عقاري,15.32,6.4,64.5,58.9,👀 متابعة,27.0,14.3,0.0,12.6,5.0,0.0,📦 تدفق نقدي إيجابي مستمر (CMF≈+0.27) يدل على تجميع | 📈 مؤشر OBV في صعود مستمر خلال 20 جلسة | 💧 حجم أيام الصعود أعلى من النزول بنسبة 2.3x خلال 10 جلسات | 🚀 اختراق فني: إغلاق فوق أعلى قمة لـ20 جلسة بحجم 1.1x المتوسط | 📐 السعر أعلى من المتوسط المتحرك 50 يوم
9,1020,الجزيرة,البنوك,12.26,4.2,62.3,57.0,📦 تجميع هادئ,19.4,12.6,5.0,10.0,10.0,0.0,📈 مؤشر OBV في صعود مستمر خلال 20 جلسة | 💧 حجم أيام الصعود أعلى من النزول بنسبة 1.7x خلال 10 جلسات | 🕯️ شمعة انعكاسية صعودية (ذيل سفلي طويل + إغلاق قوي) خلال آخر 3 جلسات | 👀 السهم يقترب من اختراق قمة 20 جلسة | 📐 ترتيب صاعد للمتوسطات: السعر > متوسط 50 > متوسط 100 يوم
10,1835,تمكين,الخدمات التجارية والمهنية,49.4,10.6,69.7,55.2,👀 متابعة,18.8,14.4,0.0,12.0,10.0,0.0,📈 مؤشر OBV في صعود مستمر خلال 20 جلسة | 💧 حجم أيام الصعود أعلى من النزول بنسبة 3.9x خلال 10 جلسات | 🚀 اختراق فني: إغلاق فوق أعلى قمة لـ20 جلسة بحجم 0.9x المتوسط | 📐 ترتيب صاعد للمتوسطات: السعر > متوسط 50 > متوسط 100 يوم
11,4002,المواساة,الرعاية الصحية,63.5,0.8,60.1,55.2,🚀 اختراق صاعد,11.6,14.8,5.0,18.8,5.0,0.0,📦 تدفق نقدي إيجابي مستمر (CMF≈+0.09) يدل على تجميع | 💧 حجم أيام الصعود أعلى من النزول بنسبة 2.1x خلال 10 جلسات | 🕯️ شمعة انعكاسية صعودية (ذيل سفلي طويل + إغلاق قوي) خلال آخر 3 جلسات | 🚀 اختراق فني: إغلاق فوق أعلى قمة لـ20 جلسة بحجم 1.8x المتوسط | 📐 السعر أعلى من المتوسط المتحرك 50 يوم
12,2222,أرامكو السعودية,الطاقة,27.12,3.7,60.4,55.2,🚀 اختراق صاعد,15.0,10.6,0.0,24.6,5.0,0.0,📦 تدفق نقدي إيجابي مستمر (CMF≈+0.22) يدل على تجميع | 💧 حجم أيام الصعود أعلى من النزول بنسبة 1.4x خلال 10 جلسات | 🚀 اختراق فني: إغلاق فوق أعلى قمة لـ20 جلسة بحجم 2.0x المتوسط | 📊 تقاطع MACD صعودي حديث (زخم إيجابي متجدد) | 📐 السعر أعلى من المتوسط المتحرك 50 يوم
13,2070,الدوائية,الأدوية,31.4,6.8,63.3,53.8,👀 متابعة,21.8,12.0,5.0,10.0,5.0,0.0,📦 تدفق نقدي إيجابي مستمر (CMF≈+0.08) يدل على تجميع | 📈 مؤشر OBV في صعود مستمر خلال 20 جلسة | 💧 حجم أيام الصعود أعلى من النزول بنسبة 10.7x خلال 10 جلسات | 🕯️ شمعة انعكاسية صعودية (ذيل سفلي طويل + إغلاق قوي) خلال آخر 3 جلسات | 👀 السهم يقترب من اختراق قمة 20 جلسة | 📐 السعر أعلى من المتوسط المتحرك 50 يوم
14,1080,العربي,البنوك,21.88,4.7,58.5,53.7,📦 تجميع هادئ,19.6,14.1,5.0,10.0,5.0,0.0,📦 تدفق نقدي إيجابي مستمر (CMF≈+0.16) يدل على تجميع | 📈 مؤشر OBV في صعود مستمر خلال 20 جلسة | 💧 حجم أيام الصعود أعلى من النزول بنسبة 3.2x خلال 10 جلسات | 🕯️ شمعة انعكاسية صعودية (ذيل سفلي طويل + إغلاق قوي) خلال آخر 3 جلسات | 👀 السهم يقترب من اختراق قمة 20 جلسة | 📐 السعر أعلى من المتوسط المتحرك 50 يوم
15,2380,بترو رابغ,الطاقة,16.97,29.6,70.2,53.0,👀 متابعة,13.9,13.4,0.0,15.7,10.0,0.0,📦 تدفق نقدي إيجابي مستمر (CMF≈+0.06) يدل على تجميع | 📈 مؤشر OBV في صعود مستمر خلال 20 جلسة | 💧 حجم أيام الصعود أعلى من النزول بنسبة 2.6x خلال 10 جلسات | 🚀 اختراق فني: إغلاق فوق أعلى قمة لـ20 جلسة بحجم 1.5x المتوسط | 📐 ترتيب صاعد للمتوسطات: السعر > متوسط 50 > متوسط 100 يوم
16,4300,دار الأركان,تطوير عقاري,19.2,4.2,58.5,52.8,📦 تجميع هادئ,28.9,14.0,0.0,0.0,10.0,0.0,📦 تدفق نقدي إيجابي مستمر (CMF≈+0.18) يدل على تجميع | 📈 مؤشر OBV في صعود مستمر خلال 20 جلسة | 💧 حجم أيام الصعود أعلى من النزول بنسبة 2.1x خلال 10 جلسات | 📐 ترتيب صاعد للمتوسطات: السعر > متوسط 50 > متوسط 100 يوم
17,4005,رعاية,الرعاية الصحية,125.7,13.2,70.1,51.2,👀 متابعة,19.3,12.7,0.0,14.2,5.0,0.0,📈 مؤشر OBV في صعود مستمر خلال 20 جلسة | 💧 حجم أيام الصعود أعلى من النزول بنسبة 4.8x خلال 10 جلسات | 🚀 اختراق فني: إغلاق فوق أعلى قمة لـ20 جلسة بحجم 1.3x المتوسط | 📐 السعر أعلى من المتوسط المتحرك 50 يوم
18,4263,سال,النقل,174.3,0.0,55.3,49.0,👀 متابعة,6.6,17.5,5.0,10.0,10.0,0.0,💧 حجم أيام الصعود أعلى من النزول بنسبة 3.2x خلال 10 جلسات | 🔊 تسارع نشاط التداول: متوسط 5 أيام أعلى من متوسط 20 يوماً بـ1.5x | 🕯️ شمعة انعكاسية صعودية (ذيل سفلي طويل + إغلاق قوي) خلال آخر 3 جلسات | 📊 تقاطع MACD صعودي حديث (زخم إيجابي متجدد) | 📐 ترتيب صاعد للمتوسطات: السعر > متوسط 50 > متوسط 100 يوم
19,4310,مدينة المعرفة,تطوير عقاري,15.3,19.1,72.2,48.7,👀 متابعة,21.7,12.0,0.0,5.0,10.0,0.0,📈 مؤشر OBV في صعود مستمر خلال 20 جلسة | 💧 حجم أيام الصعود أعلى من النزول بنسبة 5.1x خلال 10 جلسات | 📐 ترتيب صاعد للمتوسطات: السعر > متوسط 50 > متوسط 100 يوم
20,2170,اللجين,المواد الأساسية,27.82,4.8,52.5,48.6,📦 تجميع هادئ,23.0,15.5,0.0,10.0,0.0,0.0,📦 تدفق نقدي إيجابي مستمر (CMF≈+0.07) يدل على تجميع | 📈 مؤشر OBV في صعود مستمر خلال 20 جلسة | 💧 حجم أيام الصعود أعلى من النزول بنسبة 2.2x خلال 10 جلسات | 🔊 تسارع نشاط التداول: متوسط 5 أيام أعلى من متوسط 20 يوماً بـ1.2x | 📊 تقاطع MACD صعودي حديث (زخم إيجابي متجدد)
21,2300,صناعة الورق,المواد الأساسية,67.95,11.2,66.7,48.1,👀 متابعة,18.4,14.7,0.0,5.0,10.0,0.0,📦 تدفق نقدي إيجابي مستمر (CMF≈+0.26) يدل على تجميع | 📈 مؤشر OBV في صعود مستمر خلال 20 جلسة | 💧 حجم أيام الصعود أعلى من النزول بنسبة 2.1x خلال 10 جلسات | 📐 ترتيب صاعد للمتوسطات: السعر > متوسط 50 > متوسط 100 يوم
22,2082,أكوا,المرافق العامة,198.2,2.7,60.1,47.6,👀 متابعة,9.6,13.0,5.0,10.0,10.0,0.0,📦 تدفق نقدي إيجابي مستمر (CMF≈+0.09) يدل على تجميع | 💧 حجم أيام الصعود أعلى من النزول بنسبة 2.2x خلال 10 جلسات | 🕯️ شمعة انعكاسية صعودية (ذيل سفلي طويل + إغلاق قوي) خلال آخر 3 جلسات | 👀 السهم يقترب من اختراق قمة 20 جلسة | 📐 ترتيب صاعد للمتوسطات: السعر > متوسط 50 > متوسط 100 يوم
23,8250,جي آي جي,التأمين,32.84,6.7,56.3,46.5,👀 متابعة,18.0,13.5,5.0,0.0,10.0,0.0,📦 تدفق نقدي إيجابي مستمر (CMF≈+0.21) يدل على تجميع | 💧 حجم أيام الصعود أعلى من النزول بنسبة 1.8x خلال 10 جلسات | 🕯️ شمعة انعكاسية صعودية (ذيل سفلي طويل + إغلاق قوي) خلال آخر 3 جلسات | 📐 ترتيب صاعد للمتوسطات: السعر > متوسط 50 > متوسط 100 يوم
24,4070,تهامة,الإعلام والترفيه,17.1,0.1,50.2,46.2,📦 تجميع هادئ,24.2,12.0,0.0,0.0,10.0,0.0,📦 تدفق نقدي إيجابي مستمر (CMF≈+0.08) يدل على تجميع | 📈 مؤشر OBV في صعود مستمر خلال 20 جلسة مع تماسك سعري هادئ (تجميع بصمت) | 💧 حجم أيام الصعود أعلى من النزول بنسبة 3.4x خلال 10 جلسات | 📐 ترتيب صاعد للمتوسطات: السعر > متوسط 50 > متوسط 100 يوم
25,2223,لوبريف,المواد الأساسية,127.4,4.6,46.9,45.3,👀 متابعة,17.7,12.5,5.0,0.0,10.0,0.0,📦 تدفق نقدي إيجابي مستمر (CMF≈+0.16) يدل على تجميع | 📈 مؤشر OBV في صعود مستمر خلال 20 جلسة | 💧 حجم أيام الصعود أعلى من النزول بنسبة 1.3x خلال 10 جلسات | 🔊 تسارع نشاط التداول: متوسط 5 أيام أعلى من متوسط 20 يوماً بـ1.5x | 🕯️ شمعة انعكاسية صعودية (ذيل سفلي طويل + إغلاق قوي) خلال آخر 3 جلسات | 📐 ترتيب صاعد للمتوسطات: السعر > متوسط 50 > متوسط 100 يوم
26,2350,كيان السعودية,المواد الأساسية,5.4,4.7,63.5,44.6,👀 متابعة,5.3,14.3,0.0,20.0,5.0,0.0,💧 حجم أيام الصعود أعلى من النزول بنسبة 1.6x خلال 10 جلسات | 🔊 تسارع نشاط التداول: متوسط 5 أيام أعلى من متوسط 20 يوماً بـ1.3x | 🚀 اختراق فني: إغلاق فوق أعلى قمة لـ20 جلسة بحجم 3.2x المتوسط | 📐 السعر أعلى من المتوسط المتحرك 50 يوم
27,4350,الاستثمار ريت,صناديق ريت,6.82,-2.0,38.0,44.2,📦 تجميع هادئ,30.0,8.1,6.1,0.0,0.0,0.0,📦 تدفق نقدي إيجابي مستمر (CMF≈+0.38) يدل على تجميع | 📈 مؤشر OBV في صعود مستمر خلال 20 جلسة مع تماسك سعري هادئ (تجميع بصمت) | 💧 حجم أيام الصعود أعلى من النزول بنسبة 1.4x خلال 10 جلسات | 🕯️ شمعة انعكاسية صعودية (ذيل سفلي طويل + إغلاق قوي) خلال آخر 3 جلسات
28,8170,الاتحاد,التأمين,7.5,7.1,60.6,44.1,👀 متابعة,23.5,5.6,5.0,0.0,10.0,0.0,📦 تدفق نقدي إيجابي مستمر (CMF≈+0.07) يدل على تجميع | 📈 مؤشر OBV في صعود مستمر خلال 20 جلسة | 🕯️ شمعة انعكاسية صعودية (ذيل سفلي طويل + إغلاق قوي) خلال آخر 3 جلسات | 📐 ترتيب صاعد للمتوسطات: السعر > متوسط 50 > متوسط 100 يوم
29,4336,ملكية ريت,صناديق ريت,4.6,-0.4,48.4,43.7,📦 تجميع هادئ,30.0,8.7,0.0,5.0,0.0,0.0,📦 تدفق نقدي إيجابي مستمر (CMF≈+0.59) يدل على تجميع | 📈 مؤشر OBV في صعود مستمر خلال 20 جلسة مع تماسك سعري هادئ (تجميع بصمت) | 💧 حجم أيام الصعود أعلى من النزول بنسبة 1.5x خلال 10 جلسات | 👀 السهم يقترب من اختراق قمة 20 جلسة
30,1050,بي اس اف,البنوك,20.2,3.9,57.0,43.6,📦 تجميع هادئ,18.5,15.2,5.0,0.0,5.0,0.0,📦 تدفق نقدي إيجابي مستمر (CMF≈+0.20) يدل على تجميع | 💧 حجم أيام الصعود أعلى من النزول بنسبة 3.4x خلال 10 جلسات | 🕯️ شمعة انعكاسية صعودية (ذيل سفلي طويل + إغلاق قوي) خلال آخر 3 جلسات | 📐 السعر أعلى من المتوسط المتحرك 50 يوم
31,2340,ارتيكس,السلع طويلة الأجل,12.65,1.7,63.1,43.2,👀 متابعة,9.5,18.7,5.0,0.0,10.0,0.0,📈 مؤشر OBV في صعود مستمر خلال 20 جلسة مع تماسك سعري هادئ (تجميع بصمت) | 💧 حجم أيام الصعود أعلى من النزول بنسبة 3.9x خلال 10 جلسات | 🔊 تسارع نشاط التداول: متوسط 5 أيام أعلى من متوسط 20 يوماً بـ1.6x | 🕯️ شمعة انعكاسية صعودية (ذيل سفلي طويل + إغلاق قوي) خلال آخر 3 جلسات | 📐 ترتيب صاعد للمتوسطات: السعر > متوسط 50 > متوسط 100 يوم
32,4291,الوطنية للتعليم,الخدمات الاستهلاكية,145.2,10.8,73.6,43.1,⚠️ تصريف/توزيع,3.1,20.0,0.0,25.0,10.0,15.0,📈 مؤشر OBV في صعود مستمر خلال 20 جلسة | 💧 حجم أيام الصعود أعلى من النزول بنسبة 4.5x خلال 10 جلسات | 🔊 تسارع نشاط التداول: متوسط 5 أيام أعلى من متوسط 20 يوماً بـ1.9x | 🚀 اختراق فني: إغلاق فوق أعلى قمة لـ20 جلسة بحجم 5.2x المتوسط | 📊 تقاطع MACD صعودي حديث (زخم إيجابي متجدد) | 📐 ترتيب صاعد للمتوسطات: السعر > متوسط 50 > متوسط 100 يوم | ⚠️ تحذير تصريف: تدفق نقدي سلبي (CMF≈-0.30) رغم ارتفاع السعر مؤخراً
33,4013,سليمان الحبيب,الرعاية الصحية,238.0,9.3,72.9,42.9,👀 متابعة,8.9,14.0,5.0,10.0,5.0,0.0,💧 حجم أيام الصعود أعلى من النزول بنسبة 1.2x خلال 10 جلسات | 🔊 تسارع نشاط التداول: متوسط 5 أيام أعلى من متوسط 20 يوماً بـ1.9x | 🕯️ شمعة انعكاسية صعودية (ذيل سفلي طويل + إغلاق قوي) خلال آخر 3 جلسات | 👀 السهم يقترب من اختراق قمة 20 جلسة | 📐 السعر أعلى من المتوسط المتحرك 50 يوم
34,2150,زجاج,المواد الأساسية,37.12,3.1,67.3,41.4,👀 متابعة,5.3,11.1,0.0,20.0,5.0,0.0,💧 حجم أيام الصعود أعلى من النزول بنسبة 1.2x خلال 10 جلسات | 🔊 تسارع نشاط التداول: متوسط 5 أيام أعلى من متوسط 20 يوماً بـ1.4x | 🚀 اختراق فني: إغلاق فوق أعلى قمة لـ20 جلسة بحجم 2.0x المتوسط | 📐 السعر أعلى من المتوسط المتحرك 50 يوم
35,7010,اس تي سي,الاتصالات,43.92,1.0,57.4,41.1,⚠️ تصريف/توزيع,0.0,13.9,5.0,24.7,10.0,12.5,🔊 تسارع نشاط التداول: متوسط 5 أيام أعلى من متوسط 20 يوماً بـ1.8x | 🕯️ شمعة انعكاسية صعودية (ذيل سفلي طويل + إغلاق قوي) خلال آخر 3 جلسات | 🚀 اختراق فني: إغلاق فوق أعلى قمة لـ20 جلسة بحجم 2.0x المتوسط | 📊 تقاطع MACD صعودي حديث (زخم إيجابي متجدد) | 📐 ترتيب صاعد للمتوسطات: السعر > متوسط 50 > متوسط 100 يوم | ⚠️ تحذير تصريف: تدفق نقدي سلبي (CMF≈-0.16) رغم ارتفاع السعر مؤخراً
36,1834,سماسكو,الخدمات التجارية والمهنية,6.36,4.4,56.0,40.9,👀 متابعة,13.9,12.0,5.0,0.0,10.0,0.0,📦 تدفق نقدي إيجابي مستمر (CMF≈+0.15) يدل على تجميع | 💧 حجم أيام الصعود أعلى من النزول بنسبة 5.8x خلال 10 جلسات | 🕯️ شمعة انعكاسية صعودية (ذيل سفلي طويل + إغلاق قوي) خلال آخر 3 جلسات | 📐 ترتيب صاعد للمتوسطات: السعر > متوسط 50 > متوسط 100 يوم
37,4012,الأصيل,السلع طويلة الأجل,3.7,0.8,61.5,40.7,👀 متابعة,4.1,16.6,0.0,15.0,5.0,0.0,💧 حجم أيام الصعود أعلى من النزول بنسبة 2.5x خلال 10 جلسات | 🔊 تسارع نشاط التداول: متوسط 5 أيام أعلى من متوسط 20 يوماً بـ1.4x | 👀 السهم يقترب من اختراق قمة 20 جلسة | 📊 تقاطع MACD صعودي حديث (زخم إيجابي متجدد) | 📐 السعر أعلى من المتوسط المتحرك 50 يوم
38,4250,جبل عمر,تطوير عقاري,17.8,16.5,78.1,40.6,⚠️ تصريف/توزيع,7.2,17.9,0.0,20.0,5.0,9.5,📈 مؤشر OBV في صعود مستمر خلال 20 جلسة | 💧 حجم أيام الصعود أعلى من النزول بنسبة 3.0x خلال 10 جلسات | 🔊 تسارع نشاط التداول: متوسط 5 أيام أعلى من متوسط 20 يوماً بـ1.5x | 🚀 اختراق فني: إغلاق فوق أعلى قمة لـ20 جلسة بحجم 3.9x المتوسط | 📐 السعر أعلى من المتوسط المتحرك 50 يوم | ⚠️ تحذير تصريف: تدفق نقدي سلبي (CMF≈-0.12) رغم ارتفاع السعر مؤخراً
39,1830,لجام للرياضة,الخدمات الاستهلاكية,83.85,9.0,74.8,40.4,⚠️ تصريف/توزيع,5.4,20.0,5.0,20.0,5.0,15.0,📈 مؤشر OBV في صعود مستمر خلال 20 جلسة | 💧 حجم أيام الصعود أعلى من النزول بنسبة 22.3x خلال 10 جلسات | 🔊 تسارع نشاط التداول: متوسط 5 أيام أعلى من متوسط 20 يوماً بـ2.9x | 🕯️ شمعة انعكاسية صعودية (ذيل سفلي طويل + إغلاق قوي) خلال آخر 3 جلسات | 🚀 اختراق فني: إغلاق فوق أعلى قمة لـ20 جلسة بحجم 2.4x المتوسط | 📐 السعر أعلى من المتوسط المتحرك 50 يوم | ⚠️ تحذير تصريف: تدفق نقدي سلبي (CMF≈-0.21) رغم ارتفاع السعر مؤخراً
40,8012,جزيرة تكافل,التأمين,12.19,-3.3,51.0,40.3,📦 تجميع هادئ,18.3,12.0,0.0,0.0,10.0,0.0,📦 تدفق نقدي إيجابي مستمر (CMF≈+0.43) يدل على تجميع | 💧 حجم أيام الصعود أعلى من النزول بنسبة 3.4x خلال 10 جلسات | 📐 ترتيب صاعد للمتوسطات: السعر > متوسط 50 > متوسط 100 يوم
41,1833,الموارد,الخدمات التجارية والمهنية,107.8,7.1,55.7,40.1,👀 متابعة,16.3,8.7,5.0,0.0,10.0,0.0,📦 تدفق نقدي إيجابي مستمر (CMF≈+0.17) يدل على تجميع | 📈 مؤشر OBV في صعود مستمر خلال 20 جلسة | 💧 حجم أيام الصعود أعلى من النزول بنسبة 1.5x خلال 10 جلسات | 🕯️ شمعة انعكاسية صعودية (ذيل سفلي طويل + إغلاق قوي) خلال آخر 3 جلسات | 📐 ترتيب صاعد للمتوسطات: السعر > متوسط 50 > متوسط 100 يوم
42,1831,مهارة,الخدمات التجارية والمهنية,5.36,8.9,55.0,40.1,👀 متابعة,14.1,11.1,5.0,0.0,10.0,0.0,📦 تدفق نقدي إيجابي مستمر (CMF≈+0.16) يدل على تجميع | 💧 حجم أيام الصعود أعلى من النزول بنسبة 1.7x خلال 10 جلسات | 🕯️ شمعة انعكاسية صعودية (ذيل سفلي طويل + إغلاق قوي) خلال آخر 3 جلسات | 📐 ترتيب صاعد للمتوسطات: السعر > متوسط 50 > متوسط 100 يوم
43,2283,المطاحن الأولى,إنتاج الأغذية,52.5,0.0,54.5,39.9,👀 متابعة,11.6,8.3,5.0,10.0,5.0,0.0,📦 تدفق نقدي إيجابي مستمر (CMF≈+0.13) يدل على تجميع | 🔊 تسارع نشاط التداول: متوسط 5 أيام أعلى من متوسط 20 يوماً بـ1.4x | 🕯️ شمعة انعكاسية صعودية (ذيل سفلي طويل + إغلاق قوي) خلال آخر 3 جلسات | 📊 تقاطع MACD صعودي حديث (زخم إيجابي متجدد) | 📐 السعر أعلى من المتوسط المتحرك 50 يوم
44,4346,ميفك ريت,صناديق ريت,3.33,-1.5,39.9,39.5,👀 متابعة,17.0,15.4,7.0,0.0,0.0,0.0,📦 تدفق نقدي إيجابي مستمر (CMF≈+0.36) يدل على تجميع | 💧 حجم أيام الصعود أعلى من النزول بنسبة 3.8x خلال 10 جلسات | 🔊 تسارع نشاط التداول: متوسط 5 أيام أعلى من متوسط 20 يوماً بـ1.2x | 🔄 ارتداد من تشبع بيع: RSI عند 40 ويتجه للصعود | 🕯️ شمعة انعكاسية صعودية (ذيل سفلي طويل + إغلاق قوي) خلال آخر 3 جلسات
45,2180,فيبكو,المواد الأساسية,33.42,2.8,68.3,38.0,⚠️ تصريف/توزيع,3.0,20.0,5.0,15.0,10.0,15.0,💧 حجم أيام الصعود أعلى من النزول بنسبة 4.5x خلال 10 جلسات | 🔊 تسارع نشاط التداول: متوسط 5 أيام أعلى من متوسط 20 يوماً بـ2.4x | 🕯️ شمعة انعكاسية صعودية (ذيل سفلي طويل + إغلاق قوي) خلال آخر 3 جلسات | 👀 السهم يقترب من اختراق قمة 20 جلسة | 📊 تقاطع MACD صعودي حديث (زخم إيجابي متجدد) | 📐 ترتيب صاعد للمتوسطات: السعر > متوسط 50 > متوسط 100 يوم | ⚠️ تحذير تصريف: تدفق نقدي سلبي (CMF≈-0.21) رغم ارتفاع السعر مؤخراً
46,1182,أملاك,الخدمات المالية,9.08,3.3,62.1,37.3,⚠️ تصريف/توزيع,1.7,19.4,5.0,20.0,5.0,13.8,💧 حجم أيام الصعود أعلى من النزول بنسبة 2.1x خلال 10 جلسات | 🔊 تسارع نشاط التداول: متوسط 5 أيام أعلى من متوسط 20 يوماً بـ1.7x | 🕯️ شمعة انعكاسية صعودية (ذيل سفلي طويل + إغلاق قوي) خلال آخر 3 جلسات | 🚀 اختراق فني: إغلاق فوق أعلى قمة لـ20 جلسة بحجم 2.8x المتوسط | 📐 السعر أعلى من المتوسط المتحرك 50 يوم | ⚠️ تحذير تصريف: تدفق نقدي سلبي (CMF≈-0.18) رغم ارتفاع السعر مؤخراً
47,4051,باعظيم,تجزئة السلع الكمالية,5.58,-3.1,50.1,37.1,👀 متابعة,3.6,18.5,5.0,10.0,0.0,0.0,💧 حجم أيام الصعود أعلى من النزول بنسبة 3.7x خلال 10 جلسات | 🔊 تسارع نشاط التداول: متوسط 5 أيام أعلى من متوسط 20 يوماً بـ1.6x | 🕯️ شمعة انعكاسية صعودية (ذيل سفلي طويل + إغلاق قوي) خلال آخر 3 جلسات | 📊 تقاطع MACD صعودي حديث (زخم إيجابي متجدد)
48,4100,مكة,تطوير عقاري,81.0,-5.3,40.6,37.0,👀 متابعة,15.7,15.6,5.7,0.0,0.0,0.0,📦 تدفق نقدي إيجابي مستمر (CMF≈+0.30) يدل على تجميع | 💧 حجم أيام الصعود أعلى من النزول بنسبة 1.6x خلال 10 جلسات | 🔊 تسارع نشاط التداول: متوسط 5 أيام أعلى من متوسط 20 يوماً بـ1.5x | 🕯️ شمعة انعكاسية صعودية (ذيل سفلي طويل + إغلاق قوي) خلال آخر 3 جلسات
49,4200,الدريس,تجزئة السلع الكمالية,118.9,4.9,60.6,36.9,⚠️ تصريف/توزيع,7.6,14.7,0.0,16.8,5.0,7.3,📈 مؤشر OBV في صعود مستمر خلال 20 جلسة | 💧 حجم أيام الصعود أعلى من النزول بنسبة 8.0x خلال 10 جلسات | 🚀 اختراق فني: إغلاق فوق أعلى قمة لـ20 جلسة بحجم 1.6x المتوسط | 📐 السعر أعلى من المتوسط المتحرك 50 يوم | ⚠️ تحذير تصريف: تدفق نقدي سلبي (CMF≈-0.08) رغم ارتفاع السعر مؤخراً
50,6040,تبوك الزراعية,إنتاج الأغذية,9.78,19.1,72.1,36.3,⚠️ تصريف/توزيع,14.5,16.3,0.0,5.0,10.0,9.5,📈 مؤشر OBV في صعود مستمر خلال 20 جلسة | 💧 حجم أيام الصعود أعلى من النزول بنسبة 1.4x خلال 10 جلسات | 🔊 تسارع نشاط التداول: متوسط 5 أيام أعلى من متوسط 20 يوماً بـ2.9x | 📐 ترتيب صاعد للمتوسطات: السعر > متوسط 50 > متوسط 100 يوم | ⚠️ تحذير تصريف: تدفق نقدي سلبي (CMF≈-0.12) رغم ارتفاع السعر مؤخراً
51,7211,عزم,التطبيقات وخدمات التقنية,22.34,5.1,59.8,35.6,⚠️ تصريف/توزيع,10.1,13.8,5.0,10.0,5.0,8.3,📈 مؤشر OBV في صعود مستمر خلال 20 جلسة | 💧 حجم أيام الصعود أعلى من النزول بنسبة 2.8x خلال 10 جلسات | 🕯️ شمعة انعكاسية صعودية (ذيل سفلي طويل + إغلاق قوي) خلال آخر 3 جلسات | 📊 تقاطع MACD صعودي حديث (زخم إيجابي متجدد) | 📐 السعر أعلى من المتوسط المتحرك 50 يوم | ⚠️ تحذير تصريف: تدفق نقدي سلبي (CMF≈-0.10) رغم ارتفاع السعر مؤخراً
52,8040,متكاملة,التأمين,12.99,-2.2,57.4,35.2,👀 متابعة,13.2,12.0,0.0,0.0,10.0,0.0,📈 مؤشر OBV في صعود مستمر خلال 20 جلسة مع تماسك سعري هادئ (تجميع بصمت) | 💧 حجم أيام الصعود أعلى من النزول بنسبة 2.7x خلال 10 جلسات | 📐 ترتيب صاعد للمتوسطات: السعر > متوسط 50 > متوسط 100 يوم
53,4140,صادرات,السلع الرأسمالية,2.52,4.6,66.7,33.8,⚠️ تصريف/توزيع,1.4,15.1,0.0,15.0,10.0,7.7,💧 حجم أيام الصعود أعلى من النزول بنسبة 4.2x خلال 10 جلسات | 👀 السهم يقترب من اختراق قمة 20 جلسة | 📊 تقاطع MACD صعودي حديث (زخم إيجابي متجدد) | 📐 ترتيب صاعد للمتوسطات: السعر > متوسط 50 > متوسط 100 يوم | ⚠️ تحذير تصريف: تدفق نقدي سلبي (CMF≈-0.09) رغم ارتفاع السعر مؤخراً
54,4338,الأهلي ريت 1,صناديق ريت,6.68,4.0,70.6,33.6,👀 متابعة,3.9,2.7,5.0,12.0,10.0,0.0,🕯️ شمعة انعكاسية صعودية (ذيل سفلي طويل + إغلاق قوي) خلال آخر 3 جلسات | 🚀 اختراق فني: إغلاق فوق أعلى قمة لـ20 جلسة بحجم 0.9x المتوسط | 📐 ترتيب صاعد للمتوسطات: السعر > متوسط 50 > متوسط 100 يوم
55,8280,ليفا,التأمين,14.48,7.4,54.5,33.0,👀 متابعة,11.0,12.0,0.0,0.0,10.0,0.0,📈 مؤشر OBV في صعود مستمر خلال 20 جلسة | 💧 حجم أيام الصعود أعلى من النزول بنسبة 3.0x خلال 10 جلسات | 📐 ترتيب صاعد للمتوسطات: السعر > متوسط 50 > متوسط 100 يوم
56,4162,المنجم,تجزئة السلع الاستهلاكية,60.6,-0.2,45.1,32.6,👀 متابعة,14.7,12.9,5.0,0.0,0.0,0.0,📦 تدفق نقدي إيجابي مستمر (CMF≈+0.16) يدل على تجميع | 💧 حجم أيام الصعود أعلى من النزول بنسبة 2.2x خلال 10 جلسات | 🕯️ شمعة انعكاسية صعودية (ذيل سفلي طويل + إغلاق قوي) خلال آخر 3 جلسات
57,2083,مرافق,المرافق العامة,38.8,1.6,57.0,32.6,👀 متابعة,5.0,12.6,0.0,5.0,10.0,0.0,💧 حجم أيام الصعود أعلى من النزول بنسبة 2.3x خلال 10 جلسات | 📐 ترتيب صاعد للمتوسطات: السعر > متوسط 50 > متوسط 100 يوم
58,7203,علم,التطبيقات وخدمات التقنية,642.0,-3.2,42.0,32.4,👀 متابعة,6.9,20.0,5.5,0.0,0.0,0.0,💧 حجم أيام الصعود أعلى من النزول بنسبة 1.8x خلال 10 جلسات | 🔊 تسارع نشاط التداول: متوسط 5 أيام أعلى من متوسط 20 يوماً بـ1.9x | 🕯️ شمعة انعكاسية صعودية (ذيل سفلي طويل + إغلاق قوي) خلال آخر 3 جلسات
59,7030,زين السعودية,الاتصالات,10.32,1.1,49.4,32.1,👀 متابعة,7.5,20.0,5.0,5.0,0.0,5.4,📈 مؤشر OBV في صعود مستمر خلال 20 جلسة مع تماسك سعري هادئ (تجميع بصمت) | 💧 حجم أيام الصعود أعلى من النزول بنسبة 3.4x خلال 10 جلسات | 🔊 تسارع نشاط التداول: متوسط 5 أيام أعلى من متوسط 20 يوماً بـ1.9x | 🕯️ شمعة انعكاسية صعودية (ذيل سفلي طويل + إغلاق قوي) خلال آخر 3 جلسات | ⚠️ تحذير تصريف: تدفق نقدي سلبي (CMF≈-0.06) رغم ارتفاع السعر مؤخراً
60,8120,إتحاد الخليج الأهلية,التأمين,14.03,-1.0,55.6,31.4,👀 متابعة,13.1,3.3,5.0,0.0,10.0,0.0,📦 تدفق نقدي إيجابي مستمر (CMF≈+0.16) يدل على تجميع | 🕯️ شمعة انعكاسية صعودية (ذيل سفلي طويل + إغلاق قوي) خلال آخر 3 جلسات | 📐 ترتيب صاعد للمتوسطات: السعر > متوسط 50 > متوسط 100 يوم
61,4144,رؤوم,السلع الرأسمالية,76.5,8.8,56.2,31.3,👀 متابعة,5.5,10.8,5.0,0.0,10.0,0.0,💧 حجم أيام الصعود أعلى من النزول بنسبة 1.2x خلال 10 جلسات | 🔊 تسارع نشاط التداول: متوسط 5 أيام أعلى من متوسط 20 يوماً بـ1.4x | 🕯️ شمعة انعكاسية صعودية (ذيل سفلي طويل + إغلاق قوي) خلال آخر 3 جلسات | 📐 ترتيب صاعد للمتوسطات: السعر > متوسط 50 > متوسط 100 يوم
62,2190,سيسكو القابضة,النقل,35.54,5.8,49.2,31.1,👀 متابعة,9.6,6.5,5.0,0.0,10.0,0.0,📦 تدفق نقدي إيجابي مستمر (CMF≈+0.08) يدل على تجميع | 🔊 تسارع نشاط التداول: متوسط 5 أيام أعلى من متوسط 20 يوماً بـ1.5x | 🕯️ شمعة انعكاسية صعودية (ذيل سفلي طويل + إغلاق قوي) خلال آخر 3 جلسات | 📐 ترتيب صاعد للمتوسطات: السعر > متوسط 50 > متوسط 100 يوم
63,3090,أسمنت تبوك,المواد الأساسية,7.44,-4.9,32.6,30.9,🔄 ارتداد من تشبع بيع,13.4,7.6,10.0,0.0,0.0,0.0,📦 تدفق نقدي إيجابي مستمر (CMF≈+0.17) يدل على تجميع | 💧 حجم أيام الصعود أعلى من النزول بنسبة 1.2x خلال 10 جلسات | 🔄 ارتداد من تشبع بيع: RSI عند 33 ويتجه للصعود | 🕯️ شمعة انعكاسية صعودية (ذيل سفلي طويل + إغلاق قوي) خلال آخر 3 جلسات
64,1140,البلاد,البنوك,24.3,0.8,47.3,30.7,👀 متابعة,13.9,6.8,5.0,5.0,0.0,0.0,📦 تدفق نقدي إيجابي مستمر (CMF≈+0.11) يدل على تجميع | 🕯️ شمعة انعكاسية صعودية (ذيل سفلي طويل + إغلاق قوي) خلال آخر 3 جلسات
65,2020,سابك للمغذيات الزراعية,المواد الأساسية,117.1,-4.8,31.1,30.5,👀 متابعة,13.8,9.4,7.2,0.0,0.0,0.0,📦 تدفق نقدي إيجابي مستمر (CMF≈+0.18) يدل على تجميع | 🔊 تسارع نشاط التداول: متوسط 5 أيام أعلى من متوسط 20 يوماً بـ1.5x | 🕯️ شمعة انعكاسية صعودية (ذيل سفلي طويل + إغلاق قوي) خلال آخر 3 جلسات
66,4190,جرير,تجزئة السلع الكمالية,17.0,-1.2,52.2,30.5,👀 متابعة,14.6,5.9,0.0,0.0,10.0,0.0,📦 تدفق نقدي إيجابي مستمر (CMF≈+0.19) يدل على تجميع | 📐 ترتيب صاعد للمتوسطات: السعر > متوسط 50 > متوسط 100 يوم
67,4110,باتك,السلع الرأسمالية,2.09,-0.5,53.6,30.0,👀 متابعة,6.2,13.7,0.0,10.0,0.0,0.0,💧 حجم أيام الصعود أعلى من النزول بنسبة 2.2x خلال 10 جلسات | 📊 تقاطع MACD صعودي حديث (زخم إيجابي متجدد)
68,4270,طباعة وتغليف,الخدمات التجارية والمهنية,8.61,17.0,68.6,30.0,⚠️ تصريف/توزيع,15.0,20.0,0.0,5.0,5.0,15.0,📈 مؤشر OBV في صعود مستمر خلال 20 جلسة | 💧 حجم أيام الصعود أعلى من النزول بنسبة 7.3x خلال 10 جلسات | 🔊 تسارع نشاط التداول: متوسط 5 أيام أعلى من متوسط 20 يوماً بـ2.2x | 📐 السعر أعلى من المتوسط المتحرك 50 يوم | ⚠️ تحذير تصريف: تدفق نقدي سلبي (CMF≈-0.22) رغم ارتفاع السعر مؤخراً
69,1303,الصناعات الكهربائية,السلع الرأسمالية,14.83,-2.8,51.1,29.5,👀 متابعة,7.4,12.2,5.0,5.0,0.0,0.0,💧 حجم أيام الصعود أعلى من النزول بنسبة 3.1x خلال 10 جلسات | 🕯️ شمعة انعكاسية صعودية (ذيل سفلي طويل + إغلاق قوي) خلال آخر 3 جلسات
70,2080,الغاز,المرافق العامة,63.95,-7.5,25.4,28.8,🔄 ارتداد من تشبع بيع,1.6,14.4,12.8,0.0,0.0,0.0,💧 حجم أيام الصعود أعلى من النزول بنسبة 1.7x خلال 10 جلسات | 🔊 تسارع نشاط التداول: متوسط 5 أيام أعلى من متوسط 20 يوماً بـ1.2x | 🔄 ارتداد من تشبع بيع: RSI عند 25 ويتجه للصعود | 🕯️ شمعة انعكاسية صعودية (ذيل سفلي طويل + إغلاق قوي) خلال آخر 3 جلسات
71,4348,الخبير ريت,صناديق ريت,5.73,0.0,50.5,28.6,👀 متابعة,3.7,9.9,5.0,10.0,0.0,0.0,💧 حجم أيام الصعود أعلى من النزول بنسبة 1.6x خلال 10 جلسات | 🕯️ شمعة انعكاسية صعودية (ذيل سفلي طويل + إغلاق قوي) خلال آخر 3 جلسات | 👀 السهم يقترب من اختراق قمة 20 جلسة
72,2290,ينساب,المواد الأساسية,31.0,6.2,50.3,28.1,👀 متابعة,5.5,12.6,5.0,0.0,5.0,0.0,💧 حجم أيام الصعود أعلى من النزول بنسبة 1.8x خلال 10 جلسات | 🕯️ شمعة انعكاسية صعودية (ذيل سفلي طويل + إغلاق قوي) خلال آخر 3 جلسات | 📐 السعر أعلى من المتوسط المتحرك 50 يوم
73,2282,نقي,إنتاج الأغذية,56.9,1.1,53.4,28.0,👀 متابعة,15.0,3.0,0.0,0.0,10.0,0.0,📦 تدفق نقدي إيجابي مستمر (CMF≈+0.30) يدل على تجميع | 📐 ترتيب صاعد للمتوسطات: السعر > متوسط 50 > متوسط 100 يوم
74,1150,الإنماء,البنوك,24.05,-0.4,50.7,27.9,👀 متابعة,3.6,9.3,5.0,10.0,0.0,0.0,🔊 تسارع نشاط التداول: متوسط 5 أيام أعلى من متوسط 20 يوماً بـ1.3x | 🕯️ شمعة انعكاسية صعودية (ذيل سفلي طويل + إغلاق قوي) خلال آخر 3 جلسات | 📊 تقاطع MACD صعودي حديث (زخم إيجابي متجدد)
75,4292,عطاء,الخدمات الاستهلاكية,47.98,-4.0,52.6,27.9,👀 متابعة,10.9,12.0,0.0,5.0,0.0,0.0,📈 مؤشر OBV في صعود مستمر خلال 20 جلسة | 💧 حجم أيام الصعود أعلى من النزول بنسبة 4.4x خلال 10 جلسات
76,3003,أسمنت المدينة,المواد الأساسية,10.18,-8.3,26.4,27.6,🔄 ارتداد من تشبع بيع,0.0,5.2,12.4,10.0,0.0,0.0,🔄 ارتداد من تشبع بيع: RSI عند 26 ويتجه للصعود | 🕯️ شمعة انعكاسية صعودية (ذيل سفلي طويل + إغلاق قوي) خلال آخر 3 جلسات | 📊 تقاطع MACD صعودي حديث (زخم إيجابي متجدد)
77,4003,إكسترا,تجزئة السلع الكمالية,68.0,-7.5,41.9,27.5,👀 متابعة,0.0,16.2,1.3,10.0,0.0,0.0,💧 حجم أيام الصعود أعلى من النزول بنسبة 1.9x خلال 10 جلسات | 🔊 تسارع نشاط التداول: متوسط 5 أيام أعلى من متوسط 20 يوماً بـ1.3x | 📊 تقاطع MACD صعودي حديث (زخم إيجابي متجدد)
78,1201,تكوين,المواد الأساسية,4.81,-4.2,54.3,27.2,⚠️ تصريف/توزيع,12.2,20.0,0.0,10.0,0.0,15.0,📈 مؤشر OBV في صعود مستمر خلال 20 جلسة | 💧 حجم أيام الصعود أعلى من النزول بنسبة 2.5x خلال 10 جلسات | 🔊 تسارع نشاط التداول: متوسط 5 أيام أعلى من متوسط 20 يوماً بـ2.7x | 📊 تقاطع MACD صعودي حديث (زخم إيجابي متجدد) | ⚠️ تحذير تصريف: تدفق نقدي سلبي (CMF≈-0.35) رغم ارتفاع السعر مؤخراً
79,4007,الحمادي,الرعاية الصحية,27.76,2.4,59.2,26.9,⚠️ تصريف/توزيع,0.0,9.8,0.0,22.1,10.0,15.0,🔊 تسارع نشاط التداول: متوسط 5 أيام أعلى من متوسط 20 يوماً بـ1.8x | 🚀 اختراق فني: إغلاق فوق أعلى قمة لـ20 جلسة بحجم 1.6x المتوسط | 📊 تقاطع MACD صعودي حديث (زخم إيجابي متجدد) | 📐 ترتيب صاعد للمتوسطات: السعر > متوسط 50 > متوسط 100 يوم | ⚠️ تحذير تصريف: تدفق نقدي سلبي (CMF≈-0.20) رغم ارتفاع السعر مؤخراً
80,4004,دله الصحية,الرعاية الصحية,111.4,-1.1,57.4,26.6,⚠️ تصريف/توزيع,1.1,17.3,5.0,5.0,5.0,6.9,💧 حجم أيام الصعود أعلى من النزول بنسبة 1.7x خلال 10 جلسات | 🔊 تسارع نشاط التداول: متوسط 5 أيام أعلى من متوسط 20 يوماً بـ1.6x | 🕯️ شمعة انعكاسية صعودية (ذيل سفلي طويل + إغلاق قوي) خلال آخر 3 جلسات | 📐 السعر أعلى من المتوسط المتحرك 50 يوم | ⚠️ تحذير تصريف: تدفق نقدي سلبي (CMF≈-0.08) رغم ارتفاع السعر مؤخراً
81,6018,الأندية للرياضة,الخدمات الاستهلاكية,7.37,7.1,69.4,26.5,⚠️ تصريف/توزيع,3.7,19.4,0.0,5.0,5.0,6.5,💧 حجم أيام الصعود أعلى من النزول بنسبة 9.9x خلال 10 جلسات | 🔊 تسارع نشاط التداول: متوسط 5 أيام أعلى من متوسط 20 يوماً بـ1.7x | 📐 السعر أعلى من المتوسط المتحرك 50 يوم | ⚠️ تحذير تصريف: تدفق نقدي سلبي (CMF≈-0.07) رغم ارتفاع السعر مؤخراً
82,2270,سدافكو,إنتاج الأغذية,204.3,-7.1,34.2,26.4,🔄 ارتداد من تشبع بيع,6.2,10.9,9.3,0.0,0.0,0.0,🔊 تسارع نشاط التداول: متوسط 5 أيام أعلى من متوسط 20 يوماً بـ2.0x | 🔄 ارتداد من تشبع بيع: RSI عند 34 ويتجه للصعود | 🕯️ شمعة انعكاسية صعودية (ذيل سفلي طويل + إغلاق قوي) خلال آخر 3 جلسات
83,1212,أسترا الصناعية,السلع الرأسمالية,125.4,-4.6,44.4,26.3,👀 متابعة,12.5,13.5,0.2,0.0,0.0,0.0,📦 تدفق نقدي إيجابي مستمر (CMF≈+0.13) يدل على تجميع | 💧 حجم أيام الصعود أعلى من النزول بنسبة 2.7x خلال 10 جلسات
84,4031,الخدمات الأرضية,النقل,27.6,-9.7,35.7,26.3,👀 متابعة,0.0,12.6,3.7,10.0,0.0,0.0,💧 حجم أيام الصعود أعلى من النزول بنسبة 1.8x خلال 10 جلسات | 🔄 ارتداد من تشبع بيع: RSI عند 36 ويتجه للصعود | 📊 تقاطع MACD صعودي حديث (زخم إيجابي متجدد)
85,4084,دراية,الخدمات المالية,21.14,-2.9,35.5,25.9,👀 متابعة,7.6,9.4,8.8,0.0,0.0,0.0,📦 تدفق نقدي إيجابي مستمر (CMF≈+0.05) يدل على تجميع | 💧 حجم أيام الصعود أعلى من النزول بنسبة 1.3x خلال 10 جلسات | 🔄 ارتداد من تشبع بيع: RSI عند 35 ويتجه للصعود | 🕯️ شمعة انعكاسية صعودية (ذيل سفلي طويل + إغلاق قوي) خلال آخر 3 جلسات
86,4020,العقارية,تطوير عقاري,16.19,4.8,46.2,25.8,📦 تجميع هادئ,24.5,1.3,0.0,0.0,0.0,0.0,📦 تدفق نقدي إيجابي مستمر (CMF≈+0.33) يدل على تجميع | 📈 مؤشر OBV في صعود مستمر خلال 20 جلسة
87,4192,السيف غاليري,تجزئة السلع الكمالية,6.58,-2.4,43.2,25.7,👀 متابعة,5.2,4.7,5.7,10.0,0.0,0.0,🕯️ شمعة انعكاسية صعودية (ذيل سفلي طويل + إغلاق قوي) خلال آخر 3 جلسات | 📊 تقاطع MACD صعودي حديث (زخم إيجابي متجدد)
88,8060,ولاء,التأمين,9.74,-4.6,44.3,25.3,👀 متابعة,0.0,20.0,5.3,0.0,0.0,0.0,💧 حجم أيام الصعود أعلى من النزول بنسبة 2.7x خلال 10 جلسات | 🔊 تسارع نشاط التداول: متوسط 5 أيام أعلى من متوسط 20 يوماً بـ1.9x | 🕯️ شمعة انعكاسية صعودية (ذيل سفلي طويل + إغلاق قوي) خلال آخر 3 جلسات
89,1060,الأول,البنوك,33.06,2.4,50.8,25.3,👀 متابعة,9.8,5.5,5.0,5.0,0.0,0.0,📦 تدفق نقدي إيجابي مستمر (CMF≈+0.09) يدل على تجميع | 🔊 تسارع نشاط التداول: متوسط 5 أيام أعلى من متوسط 20 يوماً بـ1.3x | 🕯️ شمعة انعكاسية صعودية (ذيل سفلي طويل + إغلاق قوي) خلال آخر 3 جلسات
90,4327,الرمز,تطوير عقاري,52.65,-2.6,41.8,25.2,👀 متابعة,0.0,19.0,1.3,5.0,0.0,0.0,💧 حجم أيام الصعود أعلى من النزول بنسبة 2.1x خلال 10 جلسات | 🔊 تسارع نشاط التداول: متوسط 5 أيام أعلى من متوسط 20 يوماً بـ1.7x
91,2286,المطاحن الرابعة,إنتاج الأغذية,4.01,-2.7,47.6,25.1,👀 متابعة,7.2,17.9,0.0,0.0,0.0,0.0,💧 حجم أيام الصعود أعلى من النزول بنسبة 1.6x خلال 10 جلسات | 🔊 تسارع نشاط التداول: متوسط 5 أيام أعلى من متوسط 20 يوماً بـ1.9x
92,8210,بوبا العربية,التأمين,172.8,6.7,57.0,25.1,⚠️ تصريف/توزيع,1.5,10.0,0.0,20.0,0.0,6.4,💧 حجم أيام الصعود أعلى من النزول بنسبة 1.3x خلال 10 جلسات | 🚀 اختراق فني: إغلاق فوق أعلى قمة لـ20 جلسة بحجم 2.1x المتوسط | ⚠️ تحذير تصريف: تدفق نقدي سلبي (CMF≈-0.07) رغم ارتفاع السعر مؤخراً
93,2230,الكيميائية,الرعاية الصحية,8.13,-0.9,44.4,24.8,👀 متابعة,12.8,6.7,5.3,0.0,0.0,0.0,📦 تدفق نقدي إيجابي مستمر (CMF≈+0.15) يدل على تجميع | 🕯️ شمعة انعكاسية صعودية (ذيل سفلي طويل + إغلاق قوي) خلال آخر 3 جلسات
94,4280,المملكة,الخدمات المالية,11.84,-0.2,46.3,24.4,👀 متابعة,10.2,9.2,0.0,5.0,0.0,0.0,📦 تدفق نقدي إيجابي مستمر (CMF≈+0.09) يدل على تجميع | 🔊 تسارع نشاط التداول: متوسط 5 أيام أعلى من متوسط 20 يوماً بـ1.4x
95,4180,مجموعة فتيحي,السلع طويلة الأجل,2.55,0.0,61.2,24.3,⚠️ تصريف/توزيع,1.3,20.0,0.0,10.0,5.0,12.0,💧 حجم أيام الصعود أعلى من النزول بنسبة 2.8x خلال 10 جلسات | 🔊 تسارع نشاط التداول: متوسط 5 أيام أعلى من متوسط 20 يوماً بـ1.8x | 📊 تقاطع MACD صعودي حديث (زخم إيجابي متجدد) | 📐 السعر أعلى من المتوسط المتحرك 50 يوم | ⚠️ تحذير تصريف: تدفق نقدي سلبي (CMF≈-0.16) رغم ارتفاع السعر مؤخراً
96,3040,أسمنت القصيم,المواد الأساسية,43.38,-3.1,31.8,23.4,👀 متابعة,11.6,5.9,7.1,0.0,0.0,1.3,📦 تدفق نقدي إيجابي مستمر (CMF≈+0.13) يدل على تجميع | 🔊 تسارع نشاط التداول: متوسط 5 أيام أعلى من متوسط 20 يوماً بـ1.5x | 🕯️ شمعة انعكاسية صعودية (ذيل سفلي طويل + إغلاق قوي) خلال آخر 3 جلسات | ⚠️ هيمنة حجم أيام النزول على الصعود (نسبة 0.6x) - ضغط بيعي
97,2360,الفخارية,المواد الأساسية,18.43,0.5,59.9,22.6,⚠️ تصريف/توزيع,5.6,12.0,5.0,10.0,5.0,15.0,📈 مؤشر OBV في صعود مستمر خلال 20 جلسة مع تماسك سعري هادئ (تجميع بصمت) | 💧 حجم أيام الصعود أعلى من النزول بنسبة 2.2x خلال 10 جلسات | 🕯️ شمعة انعكاسية صعودية (ذيل سفلي طويل + إغلاق قوي) خلال آخر 3 جلسات | 📊 تقاطع MACD صعودي حديث (زخم إيجابي متجدد) | 📐 السعر أعلى من المتوسط المتحرك 50 يوم | ⚠️ تحذير تصريف: تدفق نقدي سلبي (CMF≈-0.33) رغم ارتفاع السعر مؤخراً
98,8010,التعاونية,التأمين,132.6,-6.6,41.6,22.2,👀 متابعة,5.9,15.0,1.4,0.0,0.0,0.0,📈 مؤشر OBV في صعود مستمر خلال 20 جلسة | 💧 حجم أيام الصعود أعلى من النزول بنسبة 1.3x خلال 10 جلسات | 🔊 تسارع نشاط التداول: متوسط 5 أيام أعلى من متوسط 20 يوماً بـ2.1x
99,4130,درب السعودية,الخدمات المالية,2.28,-1.7,60.7,22.1,⚠️ تصريف/توزيع,5.4,8.7,0.0,10.0,10.0,12.1,📈 مؤشر OBV في صعود مستمر خلال 20 جلسة مع تماسك سعري هادئ (تجميع بصمت) | 💧 حجم أيام الصعود أعلى من النزول بنسبة 1.5x خلال 10 جلسات | 📊 تقاطع MACD صعودي حديث (زخم إيجابي متجدد) | 📐 ترتيب صاعد للمتوسطات: السعر > متوسط 50 > متوسط 100 يوم | ⚠️ تحذير تصريف: تدفق نقدي سلبي (CMF≈-0.16) رغم ارتفاع السعر مؤخراً
100,6002,هرفي للأغذية,الخدمات الاستهلاكية,14.9,1.4,63.0,21.9,⚠️ تصريف/توزيع,1.7,20.0,0.0,10.0,5.0,14.8,💧 حجم أيام الصعود أعلى من النزول بنسبة 10.6x خلال 10 جلسات | 🔊 تسارع نشاط التداول: متوسط 5 أيام أعلى من متوسط 20 يوماً بـ1.8x | 👀 السهم يقترب من اختراق قمة 20 جلسة | 📐 السعر أعلى من المتوسط المتحرك 50 يوم | ⚠️ تحذير تصريف: تدفق نقدي سلبي (CMF≈-0.20) رغم ارتفاع السعر مؤخراً
101,2050,مجموعة صافولا,إنتاج الأغذية,26.4,-3.0,44.8,21.8,👀 متابعة,6.6,5.1,0.1,10.0,0.0,0.0,📊 تقاطع MACD صعودي حديث (زخم إيجابي متجدد)
102,1832,صدر,الخدمات التجارية والمهنية,2.57,-4.8,49.4,21.7,👀 متابعة,0.1,11.7,0.0,10.0,0.0,0.0,💧 حجم أيام الصعود أعلى من النزول بنسبة 1.7x خلال 10 جلسات | 📊 تقاطع MACD صعودي حديث (زخم إيجابي متجدد)
103,4163,الدواء,تجزئة السلع الاستهلاكية,40.84,-6.1,37.0,21.7,👀 متابعة,0.0,8.4,8.2,5.0,0.0,0.0,💧 حجم أيام الصعود أعلى من النزول بنسبة 1.4x خلال 10 جلسات | 🔄 ارتداد من تشبع بيع: RSI عند 37 ويتجه للصعود | 🕯️ شمعة انعكاسية صعودية (ذيل سفلي طويل + إغلاق قوي) خلال آخر 3 جلسات
104,4347,بنيان ريت,صناديق ريت,10.12,0.5,54.4,21.5,👀 متابعة,0.7,5.8,0.0,5.0,10.0,0.0,👀 السهم يقترب من اختراق قمة 20 جلسة | 📐 ترتيب صاعد للمتوسطات: السعر > متوسط 50 > متوسط 100 يوم
105,5110,السعودية للطاقة,المرافق العامة,17.7,-0.4,52.3,21.4,⚠️ تصريف/توزيع,0.6,16.9,5.0,0.0,10.0,11.0,💧 حجم أيام الصعود أعلى من النزول بنسبة 1.7x خلال 10 جلسات | 🔊 تسارع نشاط التداول: متوسط 5 أيام أعلى من متوسط 20 يوماً بـ1.5x | 🕯️ شمعة انعكاسية صعودية (ذيل سفلي طويل + إغلاق قوي) خلال آخر 3 جلسات | 📐 ترتيب صاعد للمتوسطات: السعر > متوسط 50 > متوسط 100 يوم | ⚠️ تحذير تصريف: تدفق نقدي سلبي (CMF≈-0.14) رغم ارتفاع السعر مؤخراً
106,3020,أسمنت اليمامة,المواد الأساسية,22.93,-7.3,31.6,21.3,👀 متابعة,9.7,8.2,5.4,0.0,0.0,2.0,📦 تدفق نقدي إيجابي مستمر (CMF≈+0.09) يدل على تجميع | 🔊 تسارع نشاط التداول: متوسط 5 أيام أعلى من متوسط 20 يوماً بـ1.9x | 🔄 ارتداد من تشبع بيع: RSI عند 32 ويتجه للصعود | ⚠️ هيمنة حجم أيام النزول على الصعود (نسبة 0.6x) - ضغط بيعي
107,8200,الإعادة السعودية,التأمين,25.12,-2.5,45.0,21.2,👀 متابعة,2.4,13.9,5.0,0.0,0.0,0.0,💧 حجم أيام الصعود أعلى من النزول بنسبة 1.2x خلال 10 جلسات | 🔊 تسارع نشاط التداول: متوسط 5 أيام أعلى من متوسط 20 يوماً بـ1.7x | 🕯️ شمعة انعكاسية صعودية (ذيل سفلي طويل + إغلاق قوي) خلال آخر 3 جلسات
108,4164,النهدي,تجزئة السلع الاستهلاكية,96.0,2.3,66.3,20.8,⚠️ تصريف/توزيع,2.0,15.3,0.0,10.0,5.0,11.4,💧 حجم أيام الصعود أعلى من النزول بنسبة 17.1x خلال 10 جلسات | 🔊 تسارع نشاط التداول: متوسط 5 أيام أعلى من متوسط 20 يوماً بـ1.2x | 👀 السهم يقترب من اختراق قمة 20 جلسة | 📐 السعر أعلى من المتوسط المتحرك 50 يوم | ⚠️ تحذير تصريف: تدفق نقدي سلبي (CMF≈-0.15) رغم ارتفاع السعر مؤخراً
109,4323,سمو,تطوير عقاري,26.76,-4.4,46.3,20.5,👀 متابعة,0.0,5.5,5.0,10.0,0.0,0.0,🕯️ شمعة انعكاسية صعودية (ذيل سفلي طويل + إغلاق قوي) خلال آخر 3 جلسات | 📊 تقاطع MACD صعودي حديث (زخم إيجابي متجدد)
110,1302,بوان,السلع الرأسمالية,35.58,-8.6,37.2,20.3,👀 متابعة,0.0,3.1,8.1,10.0,0.0,1.0,🔄 ارتداد من تشبع بيع: RSI عند 37 ويتجه للصعود | 🕯️ شمعة انعكاسية صعودية (ذيل سفلي طويل + إغلاق قوي) خلال آخر 3 جلسات | 📊 تقاطع MACD صعودي حديث (زخم إيجابي متجدد) | ⚠️ هيمنة حجم أيام النزول على الصعود (نسبة 0.7x) - ضغط بيعي
111,2130,صدق,السلع طويلة الأجل,16.39,-1.9,51.4,19.4,👀 متابعة,0.2,4.1,5.0,0.0,10.0,0.0,🕯️ شمعة انعكاسية صعودية (ذيل سفلي طويل + إغلاق قوي) خلال آخر 3 جلسات | 📐 ترتيب صاعد للمتوسطات: السعر > متوسط 50 > متوسط 100 يوم
112,8050,سلامة,التأمين,8.97,-7.6,53.0,19.3,⚠️ تصريف/توزيع,0.3,12.0,5.0,0.0,10.0,8.0,💧 حجم أيام الصعود أعلى من النزول بنسبة 2.7x خلال 10 جلسات | 🕯️ شمعة انعكاسية صعودية (ذيل سفلي طويل + إغلاق قوي) خلال آخر 3 جلسات | 📐 ترتيب صاعد للمتوسطات: السعر > متوسط 50 > متوسط 100 يوم | ⚠️ تحذير تصريف: تدفق نقدي سلبي (CMF≈-0.09) رغم ارتفاع السعر مؤخراً
113,4334,المعذر ريت,صناديق ريت,8.92,-0.8,40.9,19.0,👀 متابعة,11.6,3.7,6.6,0.0,0.0,3.0,📦 تدفق نقدي إيجابي مستمر (CMF≈+0.13) يدل على تجميع | 🔊 تسارع نشاط التداول: متوسط 5 أيام أعلى من متوسط 20 يوماً بـ1.3x | 🕯️ شمعة انعكاسية صعودية (ذيل سفلي طويل + إغلاق قوي) خلال آخر 3 جلسات | ⚠️ هيمنة حجم أيام النزول على الصعود (نسبة 0.6x) - ضغط بيعي
114,4165,الماجد للعود,المنتجات المنزلية والشخصية,122.3,-5.0,42.8,18.9,⚠️ تصريف/توزيع,0.9,14.2,0.9,10.0,0.0,7.1,💧 حجم أيام الصعود أعلى من النزول بنسبة 2.1x خلال 10 جلسات | 📊 تقاطع MACD صعودي حديث (زخم إيجابي متجدد) | ⚠️ تحذير تصريف: تدفق نقدي سلبي (CMF≈-0.08) رغم ارتفاع السعر مؤخراً
115,1180,الأهلي,البنوك,39.52,1.3,53.3,18.6,⚠️ تصريف/توزيع,2.9,11.2,5.0,5.0,5.0,10.6,💧 حجم أيام الصعود أعلى من النزول بنسبة 1.4x خلال 10 جلسات | 🕯️ شمعة انعكاسية صعودية (ذيل سفلي طويل + إغلاق قوي) خلال آخر 3 جلسات | 📐 السعر أعلى من المتوسط المتحرك 50 يوم | ⚠️ تحذير تصريف: تدفق نقدي سلبي (CMF≈-0.13) رغم ارتفاع السعر مؤخراً
116,6090,جازادكو,إنتاج الأغذية,8.37,-3.2,57.9,17.9,⚠️ تصريف/توزيع,0.0,12.9,5.0,10.0,5.0,15.0,💧 حجم أيام الصعود أعلى من النزول بنسبة 2.1x خلال 10 جلسات | 🕯️ شمعة انعكاسية صعودية (ذيل سفلي طويل + إغلاق قوي) خلال آخر 3 جلسات | 📊 تقاطع MACD صعودي حديث (زخم إيجابي متجدد) | 📐 السعر أعلى من المتوسط المتحرك 50 يوم | ⚠️ تحذير تصريف: تدفق نقدي سلبي (CMF≈-0.29) رغم ارتفاع السعر مؤخراً
117,2001,كيمانول,المواد الأساسية,33.3,-16.5,52.7,17.7,👀 متابعة,0.0,8.6,0.0,0.0,10.0,0.9,🔊 تسارع نشاط التداول: متوسط 5 أيام أعلى من متوسط 20 يوماً بـ4.0x | 📐 ترتيب صاعد للمتوسطات: السعر > متوسط 50 > متوسط 100 يوم | ⚠️ هيمنة حجم أيام النزول على الصعود (نسبة 0.7x) - ضغط بيعي
118,8100,سايكو,التأمين,10.5,-2.5,52.2,17.6,⚠️ تصريف/توزيع,7.7,12.7,0.0,0.0,10.0,12.8,📈 مؤشر OBV في صعود مستمر خلال 20 جلسة مع تماسك سعري هادئ (تجميع بصمت) | 💧 حجم أيام الصعود أعلى من النزول بنسبة 1.9x خلال 10 جلسات | 📐 ترتيب صاعد للمتوسطات: السعر > متوسط 50 > متوسط 100 يوم | ⚠️ تحذير تصريف: تدفق نقدي سلبي (CMF≈-0.17) رغم ارتفاع السعر مؤخراً
119,8020,ملاذ للتأمين,التأمين,10.28,-0.2,56.5,17.5,👀 متابعة,6.3,0.0,5.0,0.0,10.0,3.8,📈 مؤشر OBV في صعود مستمر خلال 20 جلسة مع تماسك سعري هادئ (تجميع بصمت) | 🕯️ شمعة انعكاسية صعودية (ذيل سفلي طويل + إغلاق قوي) خلال آخر 3 جلسات | 📐 ترتيب صاعد للمتوسطات: السعر > متوسط 50 > متوسط 100 يوم | ⚠️ هيمنة حجم أيام النزول على الصعود (نسبة 0.5x) - ضغط بيعي
120,4011,لازوردي,السلع طويلة الأجل,11.21,0.5,55.5,17.4,⚠️ تصريف/توزيع,1.6,10.8,0.0,15.0,5.0,15.0,🔊 تسارع نشاط التداول: متوسط 5 أيام أعلى من متوسط 20 يوماً بـ2.1x | 👀 السهم يقترب من اختراق قمة 20 جلسة | 📊 تقاطع MACD صعودي حديث (زخم إيجابي متجدد) | 📐 السعر أعلى من المتوسط المتحرك 50 يوم | ⚠️ تحذير تصريف: تدفق نقدي سلبي (CMF≈-0.23) رغم ارتفاع السعر مؤخراً
121,2084,مياهنا,المرافق العامة,12.68,-15.5,31.5,17.4,👀 متابعة,0.0,12.0,5.4,0.0,0.0,0.0,💧 حجم أيام الصعود أعلى من النزول بنسبة 1.4x خلال 10 جلسات | 🔊 تسارع نشاط التداول: متوسط 5 أيام أعلى من متوسط 20 يوماً بـ1.3x | 🔄 ارتداد من تشبع بيع: RSI عند 31 ويتجه للصعود
122,2320,البابطين,السلع الرأسمالية,55.75,-13.3,34.6,17.3,🔄 ارتداد من تشبع بيع,0.0,8.1,9.2,0.0,0.0,0.0,🔊 تسارع نشاط التداول: متوسط 5 أيام أعلى من متوسط 20 يوماً بـ1.5x | 🔄 ارتداد من تشبع بيع: RSI عند 35 ويتجه للصعود | 🕯️ شمعة انعكاسية صعودية (ذيل سفلي طويل + إغلاق قوي) خلال آخر 3 جلسات
123,1320,أنابيب السعودية,المواد الأساسية,46.98,-4.1,36.9,17.2,👀 متابعة,0.1,1.0,6.3,10.0,0.0,0.1,🕯️ شمعة انعكاسية صعودية (ذيل سفلي طويل + إغلاق قوي) خلال آخر 3 جلسات | 📊 تقاطع MACD صعودي حديث (زخم إيجابي متجدد) | ⚠️ هيمنة حجم أيام النزول على الصعود (نسبة 0.7x) - ضغط بيعي
124,2381,الحفر العربية,الطاقة,82.7,-10.1,32.6,17.2,🔄 ارتداد من تشبع بيع,0.0,7.3,10.0,0.0,0.0,0.0,🔊 تسارع نشاط التداول: متوسط 5 أيام أعلى من متوسط 20 يوماً بـ1.3x | 🔄 ارتداد من تشبع بيع: RSI عند 33 ويتجه للصعود | 🕯️ شمعة انعكاسية صعودية (ذيل سفلي طويل + إغلاق قوي) خلال آخر 3 جلسات
125,1322,أماك,المواد الأساسية,74.05,6.5,55.9,17.1,⚠️ تصريف/توزيع,1.7,12.3,0.0,5.0,5.0,6.9,💧 حجم أيام الصعود أعلى من النزول بنسبة 1.4x خلال 10 جلسات | 🔊 تسارع نشاط التداول: متوسط 5 أيام أعلى من متوسط 20 يوماً بـ1.4x | 📐 السعر أعلى من المتوسط المتحرك 50 يوم | ⚠️ تحذير تصريف: تدفق نقدي سلبي (CMF≈-0.08) رغم ارتفاع السعر مؤخراً
126,4326,الماجدية,تطوير عقاري,6.6,-8.1,36.0,17.1,👀 متابعة,0.0,13.4,3.6,0.0,0.0,0.0,💧 حجم أيام الصعود أعلى من النزول بنسبة 1.4x خلال 10 جلسات | 🔊 تسارع نشاط التداول: متوسط 5 أيام أعلى من متوسط 20 يوماً بـ1.5x | 🔄 ارتداد من تشبع بيع: RSI عند 36 ويتجه للصعود
127,2285,المطاحن العربية,إنتاج الأغذية,44.12,-4.9,35.3,16.9,👀 متابعة,8.5,4.6,6.6,0.0,0.0,2.8,📦 تدفق نقدي إيجابي مستمر (CMF≈+0.07) يدل على تجميع | 🔊 تسارع نشاط التداول: متوسط 5 أيام أعلى من متوسط 20 يوماً بـ1.4x | 🕯️ شمعة انعكاسية صعودية (ذيل سفلي طويل + إغلاق قوي) خلال آخر 3 جلسات | ⚠️ هيمنة حجم أيام النزول على الصعود (نسبة 0.6x) - ضغط بيعي
128,4345,الإنماء ريت للتجزئة,صناديق ريت,4.84,-2.8,52.6,16.7,👀 متابعة,5.6,0.0,5.0,10.0,0.0,4.0,🕯️ شمعة انعكاسية صعودية (ذيل سفلي طويل + إغلاق قوي) خلال آخر 3 جلسات | 📊 تقاطع MACD صعودي حديث (زخم إيجابي متجدد) | ⚠️ هيمنة حجم أيام النزول على الصعود (نسبة 0.5x) - ضغط بيعي
129,4332,جدوى ريت الحرمين,صناديق ريت,4.9,-1.4,49.6,16.6,👀 متابعة,7.0,9.5,0.0,0.0,0.0,0.0,🔊 تسارع نشاط التداول: متوسط 5 أيام أعلى من متوسط 20 يوماً بـ1.3x
130,1211,معادن,المواد الأساسية,58.05,-1.6,48.6,16.4,👀 متابعة,5.1,3.3,5.0,5.0,0.0,2.0,🕯️ شمعة انعكاسية صعودية (ذيل سفلي طويل + إغلاق قوي) خلال آخر 3 جلسات | ⚠️ هيمنة حجم أيام النزول على الصعود (نسبة 0.6x) - ضغط بيعي
131,1301,أسلاك,المواد الأساسية,16.29,-6.4,50.5,16.3,⚠️ تصريف/توزيع,0.0,15.7,5.0,10.0,0.0,14.4,💧 حجم أيام الصعود أعلى من النزول بنسبة 1.9x خلال 10 جلسات | 🔊 تسارع نشاط التداول: متوسط 5 أيام أعلى من متوسط 20 يوماً بـ1.3x | 🕯️ شمعة انعكاسية صعودية (ذيل سفلي طويل + إغلاق قوي) خلال آخر 3 جلسات | 📊 تقاطع MACD صعودي حديث (زخم إيجابي متجدد) | ⚠️ تحذير تصريف: تدفق نقدي سلبي (CMF≈-0.19) رغم ارتفاع السعر مؤخراً
132,8190,المتحدة للتأمين,التأمين,3.2,-5.9,51.1,16.2,👀 متابعة,0.0,16.2,0.0,0.0,0.0,0.0,💧 حجم أيام الصعود أعلى من النزول بنسبة 2.5x خلال 10 جلسات | 🔊 تسارع نشاط التداول: متوسط 5 أيام أعلى من متوسط 20 يوماً بـ1.3x
133,6070,الجوف,إنتاج الأغذية,43.48,-1.9,59.8,16.1,⚠️ تصريف/توزيع,0.0,16.1,0.0,10.0,5.0,15.0,💧 حجم أيام الصعود أعلى من النزول بنسبة 2.9x خلال 10 جلسات | 🔊 تسارع نشاط التداول: متوسط 5 أيام أعلى من متوسط 20 يوماً بـ1.3x | 📊 تقاطع MACD صعودي حديث (زخم إيجابي متجدد) | 📐 السعر أعلى من المتوسط المتحرك 50 يوم | ⚠️ تحذير تصريف: تدفق نقدي سلبي (CMF≈-0.29) رغم ارتفاع السعر مؤخراً
134,4333,تعليم ريت,صناديق ريت,10.3,-4.3,37.4,15.8,👀 متابعة,3.6,6.0,6.2,0.0,0.0,0.0,🕯️ شمعة انعكاسية صعودية (ذيل سفلي طويل + إغلاق قوي) خلال آخر 3 جلسات
135,4261,ذيب,النقل,22.47,-3.1,38.8,15.5,👀 متابعة,0.0,8.0,2.5,5.0,0.0,0.0,💧 حجم أيام الصعود أعلى من النزول بنسبة 1.2x خلال 10 جلسات | 🔄 ارتداد من تشبع بيع: RSI عند 39 ويتجه للصعود
136,2081,الخريف,المرافق العامة,100.7,-12.1,27.1,15.4,🔄 ارتداد من تشبع بيع,0.0,7.1,12.2,0.0,0.0,3.9,🔊 تسارع نشاط التداول: متوسط 5 أيام أعلى من متوسط 20 يوماً بـ1.7x | 🔄 ارتداد من تشبع بيع: RSI عند 27 ويتجه للصعود | 🕯️ شمعة انعكاسية صعودية (ذيل سفلي طويل + إغلاق قوي) خلال آخر 3 جلسات | ⚠️ هيمنة حجم أيام النزول على الصعود (نسبة 0.5x) - ضغط بيعي
137,4143,تالكو,المواد الأساسية,33.3,1.4,61.5,15.3,⚠️ تصريف/توزيع,0.3,20.0,0.0,10.0,0.0,15.0,💧 حجم أيام الصعود أعلى من النزول بنسبة 4.0x خلال 10 جلسات | 🔊 تسارع نشاط التداول: متوسط 5 أيام أعلى من متوسط 20 يوماً بـ2.3x | 👀 السهم يقترب من اختراق قمة 20 جلسة | ⚠️ تحذير تصريف: تدفق نقدي سلبي (CMF≈-0.31) رغم ارتفاع السعر مؤخراً
138,4349,الإنماء ريت الفندقي,صناديق ريت,8.08,-3.0,40.5,15.0,👀 متابعة,13.0,0.0,6.8,0.0,0.0,4.8,📦 تدفق نقدي إيجابي مستمر (CMF≈+0.16) يدل على تجميع | 🕯️ شمعة انعكاسية صعودية (ذيل سفلي طويل + إغلاق قوي) خلال آخر 3 جلسات | ⚠️ هيمنة حجم أيام النزول على الصعود (نسبة 0.5x) - ضغط بيعي
139,4082,مرنة,الخدمات المالية,7.65,0.7,52.1,14.9,👀 متابعة,3.6,0.0,5.0,10.0,0.0,3.7,🕯️ شمعة انعكاسية صعودية (ذيل سفلي طويل + إغلاق قوي) خلال آخر 3 جلسات | 📊 تقاطع MACD صعودي حديث (زخم إيجابي متجدد) | ⚠️ هيمنة حجم أيام النزول على الصعود (نسبة 0.6x) - ضغط بيعي
140,8070,الدرع العربي,التأمين,11.51,-5.4,43.5,14.8,👀 متابعة,4.1,10.1,0.6,0.0,0.0,0.0,💧 حجم أيام الصعود أعلى من النزول بنسبة 1.5x خلال 10 جلسات
141,1111,مجموعة تداول,الخدمات المالية,121.6,-8.9,34.8,14.7,🔄 ارتداد من تشبع بيع,0.0,5.6,9.1,0.0,0.0,0.0,🔊 تسارع نشاط التداول: متوسط 5 أيام أعلى من متوسط 20 يوماً بـ1.3x | 🔄 ارتداد من تشبع بيع: RSI عند 35 ويتجه للصعود | 🕯️ شمعة انعكاسية صعودية (ذيل سفلي طويل + إغلاق قوي) خلال آخر 3 جلسات
142,6060,الشرقية للتنمية,إنتاج الأغذية,14.23,-14.8,48.0,14.6,👀 متابعة,0.0,4.6,0.0,0.0,10.0,0.0,📐 ترتيب صاعد للمتوسطات: السعر > متوسط 50 > متوسط 100 يوم
143,6016,برغرايززر,الخدمات الاستهلاكية,7.5,-2.5,56.7,14.4,⚠️ تصريف/توزيع,0.0,19.4,0.0,10.0,0.0,15.0,💧 حجم أيام الصعود أعلى من النزول بنسبة 3.7x خلال 10 جلسات | 🔊 تسارع نشاط التداول: متوسط 5 أيام أعلى من متوسط 20 يوماً بـ1.7x | 📊 تقاطع MACD صعودي حديث (زخم إيجابي متجدد) | ⚠️ تحذير تصريف: تدفق نقدي سلبي (CMF≈-0.23) رغم ارتفاع السعر مؤخراً
144,4019,اس ام سي للرعاية الصحية,الرعاية الصحية,15.26,-7.3,41.9,14.3,👀 متابعة,0.0,13.1,1.2,0.0,0.0,0.0,🔊 تسارع نشاط التداول: متوسط 5 أيام أعلى من متوسط 20 يوماً بـ2.2x
145,1183,سهل,الخدمات المالية,14.69,-1.1,47.3,13.9,👀 متابعة,1.9,12.0,0.0,0.0,0.0,0.0,💧 حجم أيام الصعود أعلى من النزول بنسبة 3.0x خلال 10 جلسات
146,4331,الجزيرة ريت,صناديق ريت,11.45,-0.1,59.3,13.8,⚠️ تصريف/توزيع,1.8,12.0,0.0,10.0,5.0,15.0,💧 حجم أيام الصعود أعلى من النزول بنسبة 1.9x خلال 10 جلسات | 📊 تقاطع MACD صعودي حديث (زخم إيجابي متجدد) | 📐 السعر أعلى من المتوسط المتحرك 50 يوم | ⚠️ تحذير تصريف: تدفق نقدي سلبي (CMF≈-0.36) رغم ارتفاع السعر مؤخراً
147,4150,التعمير,تطوير عقاري,16.19,-12.4,22.7,13.8,⚠️ تصريف/توزيع,5.3,4.6,13.9,0.0,0.0,10.0,🔊 تسارع نشاط التداول: متوسط 5 أيام أعلى من متوسط 20 يوماً بـ1.4x | 🔄 ارتداد من تشبع بيع: RSI عند 23 ويتجه للصعود | 🕯️ شمعة انعكاسية صعودية (ذيل سفلي طويل + إغلاق قوي) خلال آخر 3 جلسات | ⚠️ هيمنة حجم أيام النزول على الصعود (نسبة 0.2x) - ضغط بيعي
148,4220,إعمار,تطوير عقاري,9.69,-2.9,46.4,13.7,⚠️ تصريف/توزيع,4.3,0.7,5.0,10.0,0.0,6.3,📈 مؤشر OBV في صعود مستمر خلال 20 جلسة مع تماسك سعري هادئ (تجميع بصمت) | 🕯️ شمعة انعكاسية صعودية (ذيل سفلي طويل + إغلاق قوي) خلال آخر 3 جلسات | 📊 تقاطع MACD صعودي حديث (زخم إيجابي متجدد) | ⚠️ هيمنة حجم أيام النزول على الصعود (نسبة 0.4x) - ضغط بيعي
149,6012,ريدان,الخدمات الاستهلاكية,14.79,-2.6,58.1,13.6,⚠️ تصريف/توزيع,0.2,18.4,0.0,5.0,5.0,15.0,💧 حجم أيام الصعود أعلى من النزول بنسبة 4.4x خلال 10 جلسات | 🔊 تسارع نشاط التداول: متوسط 5 أيام أعلى من متوسط 20 يوماً بـ1.6x | 📐 السعر أعلى من المتوسط المتحرك 50 يوم | ⚠️ تحذير تصريف: تدفق نقدي سلبي (CMF≈-0.27) رغم ارتفاع السعر مؤخراً
150,3005,أسمنت أم القرى,المواد الأساسية,13.35,-3.3,39.7,13.4,👀 متابعة,12.0,1.7,0.8,0.0,0.0,1.1,📦 تدفق نقدي إيجابي مستمر (CMF≈+0.14) يدل على تجميع | ⚠️ هيمنة حجم أيام النزول على الصعود (نسبة 0.7x) - ضغط بيعي
151,3060,أسمنت ينبع,المواد الأساسية,14.95,-1.6,37.7,13.1,👀 متابعة,5.5,1.4,7.9,0.0,0.0,1.6,🔄 ارتداد من تشبع بيع: RSI عند 38 ويتجه للصعود | 🕯️ شمعة انعكاسية صعودية (ذيل سفلي طويل + إغلاق قوي) خلال آخر 3 جلسات | ⚠️ هيمنة حجم أيام النزول على الصعود (نسبة 0.6x) - ضغط بيعي
152,6017,جاهز,الخدمات الاستهلاكية,11.75,-14.4,36.6,12.8,👀 متابعة,0.0,9.4,3.4,0.0,0.0,0.0,💧 حجم أيام الصعود أعلى من النزول بنسبة 1.5x خلال 10 جلسات | 🔄 ارتداد من تشبع بيع: RSI عند 37 ويتجه للصعود
153,4030,البحري,الطاقة,30.84,-4.8,38.5,12.8,👀 متابعة,8.4,8.0,1.0,0.0,0.0,4.5,📦 تدفق نقدي إيجابي مستمر (CMF≈+0.07) يدل على تجميع | 🔊 تسارع نشاط التداول: متوسط 5 أيام أعلى من متوسط 20 يوماً بـ1.8x | ⚠️ هيمنة حجم أيام النزول على الصعود (نسبة 0.5x) - ضغط بيعي
154,2220,معدنية,المواد الأساسية,11.81,-6.9,45.9,12.8,👀 متابعة,3.2,4.6,5.0,0.0,0.0,0.0,🕯️ شمعة انعكاسية صعودية (ذيل سفلي طويل + إغلاق قوي) خلال آخر 3 جلسات
155,2250,المجموعة السعودية,المواد الأساسية,12.17,-9.2,32.0,12.7,👀 متابعة,1.2,9.4,2.1,0.0,0.0,0.0,🔊 تسارع نشاط التداول: متوسط 5 أيام أعلى من متوسط 20 يوماً بـ1.5x
156,6020,جاكو,إنتاج الأغذية,12.27,-9.3,46.0,12.7,👀 متابعة,0.0,12.7,0.0,0.0,0.0,0.0,💧 حجم أيام الصعود أعلى من النزول بنسبة 1.8x خلال 10 جلسات
157,4330,الرياض ريت,صناديق ريت,4.81,-4.0,33.2,12.6,👀 متابعة,4.1,4.5,4.7,0.0,0.0,0.7,🔊 تسارع نشاط التداول: متوسط 5 أيام أعلى من متوسط 20 يوماً بـ1.3x | 🔄 ارتداد من تشبع بيع: RSI عند 33 ويتجه للصعود | ⚠️ هيمنة حجم أيام النزول على الصعود (نسبة 0.7x) - ضغط بيعي
158,4147,سي جي إس,السلع الرأسمالية,6.48,-5.5,42.9,12.5,👀 متابعة,0.0,2.5,0.9,10.0,0.0,0.9,📊 تقاطع MACD صعودي حديث (زخم إيجابي متجدد) | ⚠️ هيمنة حجم أيام النزول على الصعود (نسبة 0.7x) - ضغط بيعي
159,7020,إتحاد إتصالات,الاتصالات,62.3,1.1,49.4,12.5,⚠️ تصريف/توزيع,4.0,8.1,5.0,5.0,0.0,9.6,📈 مؤشر OBV في صعود مستمر خلال 20 جلسة مع تماسك سعري هادئ (تجميع بصمت) | 🕯️ شمعة انعكاسية صعودية (ذيل سفلي طويل + إغلاق قوي) خلال آخر 3 جلسات | ⚠️ تحذير تصريف: تدفق نقدي سلبي (CMF≈-0.12) رغم ارتفاع السعر مؤخراً
160,4142,كابلات الرياض,السلع الرأسمالية,102.7,-13.4,34.1,12.4,🔄 ارتداد من تشبع بيع,0.0,4.7,9.3,0.0,0.0,1.6,🔊 تسارع نشاط التداول: متوسط 5 أيام أعلى من متوسط 20 يوماً بـ1.3x | 🔄 ارتداد من تشبع بيع: RSI عند 34 ويتجه للصعود | 🕯️ شمعة انعكاسية صعودية (ذيل سفلي طويل + إغلاق قوي) خلال آخر 3 جلسات | ⚠️ هيمنة حجم أيام النزول على الصعود (نسبة 0.6x) - ضغط بيعي
161,2240,صناعات,المواد الأساسية,27.06,-19.8,16.5,12.4,⚠️ تصريف/توزيع,0.0,4.7,15.0,0.0,0.0,7.3,🔊 تسارع نشاط التداول: متوسط 5 أيام أعلى من متوسط 20 يوماً بـ1.4x | 🔄 ارتداد من تشبع بيع: RSI عند 17 ويتجه للصعود | 🕯️ شمعة انعكاسية صعودية (ذيل سفلي طويل + إغلاق قوي) خلال آخر 3 جلسات | ⚠️ هيمنة حجم أيام النزول على الصعود (نسبة 0.4x) - ضغط بيعي
162,3080,أسمنت الشرقية,المواد الأساسية,24.9,-4.3,32.2,12.3,👀 متابعة,1.4,5.4,7.0,0.0,0.0,1.4,🔊 تسارع نشاط التداول: متوسط 5 أيام أعلى من متوسط 20 يوماً بـ1.4x | 🕯️ شمعة انعكاسية صعودية (ذيل سفلي طويل + إغلاق قوي) خلال آخر 3 جلسات | ⚠️ هيمنة حجم أيام النزول على الصعود (نسبة 0.6x) - ضغط بيعي
163,2370,مسك,السلع الرأسمالية,31.72,7.5,50.4,12.2,👀 متابعة,1.1,6.0,5.0,0.0,0.0,0.0,💧 حجم أيام الصعود أعلى من النزول بنسبة 1.2x خلال 10 جلسات | 🕯️ شمعة انعكاسية صعودية (ذيل سفلي طويل + إغلاق قوي) خلال آخر 3 جلسات
164,8240,تشب,التأمين,17.04,-9.4,37.2,12.0,👀 متابعة,0.0,3.9,8.1,0.0,0.0,0.0,🔄 ارتداد من تشبع بيع: RSI عند 37 ويتجه للصعود | 🕯️ شمعة انعكاسية صعودية (ذيل سفلي طويل + إغلاق قوي) خلال آخر 3 جلسات
165,3007,الواحة,المواد الأساسية,2.8,0.4,52.6,11.8,⚠️ تصريف/توزيع,0.0,6.0,5.0,0.0,10.0,9.2,🔊 تسارع نشاط التداول: متوسط 5 أيام أعلى من متوسط 20 يوماً بـ1.5x | 🕯️ شمعة انعكاسية صعودية (ذيل سفلي طويل + إغلاق قوي) خلال آخر 3 جلسات | 📐 ترتيب صاعد للمتوسطات: السعر > متوسط 50 > متوسط 100 يوم | ⚠️ هيمنة حجم أيام النزول على الصعود (نسبة 0.3x) - ضغط بيعي
166,4071,العربية,الإعلام والترفيه,81.9,-8.1,30.9,11.8,👀 متابعة,0.0,6.2,5.6,0.0,0.0,0.0,🔄 ارتداد من تشبع بيع: RSI عند 31 ويتجه للصعود
167,2140,أيان,الرعاية الصحية,9.31,-15.7,23.0,11.8,⚠️ تصريف/توزيع,0.0,8.0,13.8,0.0,0.0,10.0,🔊 تسارع نشاط التداول: متوسط 5 أيام أعلى من متوسط 20 يوماً بـ2.4x | 🔄 ارتداد من تشبع بيع: RSI عند 23 ويتجه للصعود | 🕯️ شمعة انعكاسية صعودية (ذيل سفلي طويل + إغلاق قوي) خلال آخر 3 جلسات | ⚠️ هيمنة حجم أيام النزول على الصعود (نسبة 0.1x) - ضغط بيعي
168,7040,قو للإتصالات,الاتصالات,85.35,-4.6,42.9,11.7,👀 متابعة,0.0,3.6,0.8,10.0,0.0,2.8,🔊 تسارع نشاط التداول: متوسط 5 أيام أعلى من متوسط 20 يوماً بـ1.2x | 📊 تقاطع MACD صعودي حديث (زخم إيجابي متجدد) | ⚠️ هيمنة حجم أيام النزول على الصعود (نسبة 0.6x) - ضغط بيعي
169,4018,الموسى,الرعاية الصحية,118.3,-3.4,50.5,11.4,⚠️ تصريف/توزيع,0.0,12.1,0.0,10.0,0.0,10.7,💧 حجم أيام الصعود أعلى من النزول بنسبة 2.0x خلال 10 جلسات | 📊 تقاطع MACD صعودي حديث (زخم إيجابي متجدد) | ⚠️ تحذير تصريف: تدفق نقدي سلبي (CMF≈-0.14) رغم ارتفاع السعر مؤخراً
170,2281,تنمية,إنتاج الأغذية,55.5,0.2,43.2,11.4,⚠️ تصريف/توزيع,15.7,0.0,5.7,0.0,0.0,10.0,📈 مؤشر OBV في صعود مستمر خلال 20 جلسة مع تماسك سعري هادئ (تجميع بصمت) | 🕯️ شمعة انعكاسية صعودية (ذيل سفلي طويل + إغلاق قوي) خلال آخر 3 جلسات | ⚠️ هيمنة حجم أيام النزول على الصعود (نسبة 0.2x) - ضغط بيعي
171,4017,فقيه الطبية,الرعاية الصحية,35.1,-2.7,46.9,11.4,⚠️ تصريف/توزيع,0.0,16.4,0.0,10.0,0.0,15.0,💧 حجم أيام الصعود أعلى من النزول بنسبة 2.3x خلال 10 جلسات | 🔊 تسارع نشاط التداول: متوسط 5 أيام أعلى من متوسط 20 يوماً بـ1.3x | 📊 تقاطع MACD صعودي حديث (زخم إيجابي متجدد) | ⚠️ تحذير تصريف: تدفق نقدي سلبي (CMF≈-0.38) رغم ارتفاع السعر مؤخراً
172,4170,شمس,الخدمات الاستهلاكية,15.06,-11.9,29.2,11.4,👀 متابعة,0.0,5.1,6.3,0.0,0.0,0.0,🔄 ارتداد من تشبع بيع: RSI عند 29 ويتجه للصعود
173,4015,جمجوم فارما,الأدوية,140.0,-7.1,38.8,11.2,👀 متابعة,0.0,3.7,7.5,0.0,0.0,0.0,🔄 ارتداد من تشبع بيع: RSI عند 39 ويتجه للصعود | 🕯️ شمعة انعكاسية صعودية (ذيل سفلي طويل + إغلاق قوي) خلال آخر 3 جلسات
174,4083,تسهيل,الخدمات المالية,30.02,-15.0,34.8,11.1,⚠️ تصريف/توزيع,0.0,12.0,9.1,5.0,0.0,15.0,💧 حجم أيام الصعود أعلى من النزول بنسبة 1.8x خلال 10 جلسات | 🔄 ارتداد من تشبع بيع: RSI عند 35 ويتجه للصعود | 🕯️ شمعة انعكاسية صعودية (ذيل سفلي طويل + إغلاق قوي) خلال آخر 3 جلسات | ⚠️ تحذير تصريف: تدفق نقدي سلبي (CMF≈-0.51) رغم ارتفاع السعر مؤخراً
175,1324,صالح الراشد,المواد الأساسية,40.0,-5.8,36.4,11.1,👀 متابعة,0.2,2.5,3.4,5.0,0.0,0.0,🔄 ارتداد من تشبع بيع: RSI عند 36 ويتجه للصعود
176,4146,جاز,السلع الرأسمالية,15.53,-8.5,42.5,10.9,👀 متابعة,2.7,7.3,1.0,0.0,0.0,0.0,🔊 تسارع نشاط التداول: متوسط 5 أيام أعلى من متوسط 20 يوماً بـ1.5x
177,4014,دار المعدات,الرعاية الصحية,28.12,-4.2,45.9,10.9,⚠️ تصريف/توزيع,3.9,12.0,0.0,10.0,0.0,15.0,📈 مؤشر OBV في صعود مستمر خلال 20 جلسة | 💧 حجم أيام الصعود أعلى من النزول بنسبة 2.3x خلال 10 جلسات | 📊 تقاطع MACD صعودي حديث (زخم إيجابي متجدد) | ⚠️ تحذير تصريف: تدفق نقدي سلبي (CMF≈-0.27) رغم ارتفاع السعر مؤخراً
178,4322,رتال,تطوير عقاري,10.95,-8.9,42.5,10.7,👀 متابعة,0.0,9.7,1.0,0.0,0.0,0.0,🔊 تسارع نشاط التداول: متوسط 5 أيام أعلى من متوسط 20 يوماً بـ1.8x
179,4081,النايفات,الخدمات المالية,9.57,-3.3,48.1,10.6,👀 متابعة,0.0,2.0,0.0,10.0,0.0,1.4,📊 تقاطع MACD صعودي حديث (زخم إيجابي متجدد) | ⚠️ هيمنة حجم أيام النزول على الصعود (نسبة 0.6x) - ضغط بيعي
180,3030,أسمنت السعودية,المواد الأساسية,28.44,-5.9,23.9,10.3,👀 متابعة,0.0,5.6,8.4,0.0,0.0,3.7,🔊 تسارع نشاط التداول: متوسط 5 أيام أعلى من متوسط 20 يوماً بـ1.5x | ⏳ تشبع بيع واضح: RSI عند 24 (بانتظار تأكيد الارتداد) | 🕯️ شمعة انعكاسية صعودية (ذيل سفلي طويل + إغلاق قوي) خلال آخر 3 جلسات | ⚠️ هيمنة حجم أيام النزول على الصعود (نسبة 0.6x) - ضغط بيعي
181,3002,أسمنت نجران,المواد الأساسية,5.53,-4.0,31.4,10.3,👀 متابعة,0.0,4.9,5.4,0.0,0.0,0.0,🔄 ارتداد من تشبع بيع: RSI عند 31 ويتجه للصعود
182,4040,سابتكو,النقل,11.37,-3.0,54.3,10.1,⚠️ تصريف/توزيع,0.0,6.8,5.0,0.0,10.0,11.7,🕯️ شمعة انعكاسية صعودية (ذيل سفلي طويل + إغلاق قوي) خلال آخر 3 جلسات | 📐 ترتيب صاعد للمتوسطات: السعر > متوسط 50 > متوسط 100 يوم | ⚠️ تحذير تصريف: تدفق نقدي سلبي (CMF≈-0.15) رغم ارتفاع السعر مؤخراً
183,1010,الرياض,البنوك,20.29,0.5,46.3,10.1,👀 متابعة,8.2,3.2,0.0,0.0,0.0,1.3,📦 تدفق نقدي إيجابي مستمر (CMF≈+0.06) يدل على تجميع | ⚠️ هيمنة حجم أيام النزول على الصعود (نسبة 0.6x) - ضغط بيعي
184,4009,السعودي الألماني الصحية,الرعاية الصحية,32.46,1.4,58.3,10.0,⚠️ تصريف/توزيع,0.0,8.6,0.0,10.0,5.0,13.7,💧 حجم أيام الصعود أعلى من النزول بنسبة 1.3x خلال 10 جلسات | 📊 تقاطع MACD صعودي حديث (زخم إيجابي متجدد) | 📐 السعر أعلى من المتوسط المتحرك 50 يوم | ⚠️ تحذير تصريف: تدفق نقدي سلبي (CMF≈-0.18) رغم ارتفاع السعر مؤخراً
185,4260,بدجت السعودية,النقل,27.7,-9.7,29.6,9.9,👀 متابعة,0.0,5.2,2.5,5.0,0.0,2.8,🔊 تسارع نشاط التداول: متوسط 5 أيام أعلى من متوسط 20 يوماً بـ1.5x | ⏳ تشبع بيع واضح: RSI عند 30 (بانتظار تأكيد الارتداد) | ⚠️ هيمنة حجم أيام النزول على الصعود (نسبة 0.6x) - ضغط بيعي
186,4321,سينومي سنترز,تطوير عقاري,15.7,-8.4,28.3,9.8,👀 متابعة,0.0,3.3,6.7,0.0,0.0,0.3,🔄 ارتداد من تشبع بيع: RSI عند 28 ويتجه للصعود | ⚠️ هيمنة حجم أيام النزول على الصعود (نسبة 0.7x) - ضغط بيعي
187,6050,الأسماك,إنتاج الأغذية,61.05,-20.5,46.4,9.7,👀 متابعة,0.0,0.6,0.0,0.0,10.0,0.9,📐 ترتيب صاعد للمتوسطات: السعر > متوسط 50 > متوسط 100 يوم | ⚠️ هيمنة حجم أيام النزول على الصعود (نسبة 0.7x) - ضغط بيعي
188,3008,الكثيري,المواد الأساسية,1.41,-12.4,40.6,9.4,⚠️ تصريف/توزيع,0.0,12.6,6.8,5.0,0.0,15.0,💧 حجم أيام الصعود أعلى من النزول بنسبة 2.4x خلال 10 جلسات | 🕯️ شمعة انعكاسية صعودية (ذيل سفلي طويل + إغلاق قوي) خلال آخر 3 جلسات | ⚠️ تحذير تصريف: تدفق نقدي سلبي (CMF≈-0.47) رغم ارتفاع السعر مؤخراً
189,1120,الراجحي,البنوك,64.2,-2.4,46.4,9.4,👀 متابعة,0.0,5.2,0.0,10.0,0.0,5.8,🔊 تسارع نشاط التداول: متوسط 5 أيام أعلى من متوسط 20 يوماً بـ1.4x | 📊 تقاطع MACD صعودي حديث (زخم إيجابي متجدد) | ⚠️ هيمنة حجم أيام النزول على الصعود (نسبة 0.5x) - ضغط بيعي
190,1321,أنابيب الشرق,المواد الأساسية,184.0,-11.2,33.1,9.3,👀 متابعة,0.1,2.3,6.9,0.0,0.0,0.0,🕯️ شمعة انعكاسية صعودية (ذيل سفلي طويل + إغلاق قوي) خلال آخر 3 جلسات
191,4141,العمران,السلع الرأسمالية,20.14,-9.0,38.6,9.1,👀 متابعة,0.0,6.6,2.6,0.0,0.0,0.0,🔄 ارتداد من تشبع بيع: RSI عند 39 ويتجه للصعود
192,3004,أسمنت الشمالية,المواد الأساسية,6.47,-2.6,32.3,9.1,🔄 ارتداد من تشبع بيع,0.0,4.8,10.1,0.0,0.0,5.8,🔊 تسارع نشاط التداول: متوسط 5 أيام أعلى من متوسط 20 يوماً بـ1.4x | 🔄 ارتداد من تشبع بيع: RSI عند 32 ويتجه للصعود | 🕯️ شمعة انعكاسية صعودية (ذيل سفلي طويل + إغلاق قوي) خلال آخر 3 جلسات | ⚠️ هيمنة حجم أيام النزول على الصعود (نسبة 0.5x) - ضغط بيعي
193,2040,الخزف السعودي,السلع الرأسمالية,25.48,-3.8,51.5,9.0,⚠️ تصريف/توزيع,0.0,9.0,5.0,10.0,0.0,15.0,💧 حجم أيام الصعود أعلى من النزول بنسبة 1.3x خلال 10 جلسات | 🕯️ شمعة انعكاسية صعودية (ذيل سفلي طويل + إغلاق قوي) خلال آخر 3 جلسات | 📊 تقاطع MACD صعودي حديث (زخم إيجابي متجدد) | ⚠️ تحذير تصريف: تدفق نقدي سلبي (CMF≈-0.32) رغم ارتفاع السعر مؤخراً
194,8230,تكافل الراجحي,التأمين,50.6,-4.8,46.5,8.9,⚠️ تصريف/توزيع,1.7,12.2,5.0,5.0,0.0,15.0,💧 حجم أيام الصعود أعلى من النزول بنسبة 1.6x خلال 10 جلسات | 🕯️ شمعة انعكاسية صعودية (ذيل سفلي طويل + إغلاق قوي) خلال آخر 3 جلسات | ⚠️ تحذير تصريف: تدفق نقدي سلبي (CMF≈-0.23) رغم ارتفاع السعر مؤخراً
195,4262,لومي,النقل,28.5,-13.1,24.3,8.5,⚠️ تصريف/توزيع,0.0,5.2,13.3,0.0,0.0,10.0,🔊 تسارع نشاط التداول: متوسط 5 أيام أعلى من متوسط 20 يوماً بـ1.4x | 🔄 ارتداد من تشبع بيع: RSI عند 24 ويتجه للصعود | 🕯️ شمعة انعكاسية صعودية (ذيل سفلي طويل + إغلاق قوي) خلال آخر 3 جلسات | ⚠️ هيمنة حجم أيام النزول على الصعود (نسبة 0.3x) - ضغط بيعي
196,1214,شاكر,السلع الرأسمالية,12.38,-9.6,31.2,8.3,👀 متابعة,1.4,8.0,2.2,0.0,0.0,3.3,🔊 تسارع نشاط التداول: متوسط 5 أيام أعلى من متوسط 20 يوماً بـ1.9x | ⚠️ هيمنة حجم أيام النزول على الصعود (نسبة 0.6x) - ضغط بيعي
197,4008,ساكو,تجزئة السلع الكمالية,21.94,-7.2,39.7,7.9,👀 متابعة,0.0,3.1,7.1,0.0,0.0,2.3,🔄 ارتداد من تشبع بيع: RSI عند 40 ويتجه للصعود | 🕯️ شمعة انعكاسية صعودية (ذيل سفلي طويل + إغلاق قوي) خلال آخر 3 جلسات | ⚠️ هيمنة حجم أيام النزول على الصعود (نسبة 0.6x) - ضغط بيعي
198,4161,بن داود,تجزئة السلع الاستهلاكية,4.7,-3.9,47.1,7.9,⚠️ تصريف/توزيع,0.0,7.9,5.0,10.0,0.0,15.0,💧 حجم أيام الصعود أعلى من النزول بنسبة 1.4x خلال 10 جلسات | 🕯️ شمعة انعكاسية صعودية (ذيل سفلي طويل + إغلاق قوي) خلال آخر 3 جلسات | 📊 تقاطع MACD صعودي حديث (زخم إيجابي متجدد) | ⚠️ تحذير تصريف: تدفق نقدي سلبي (CMF≈-0.34) رغم ارتفاع السعر مؤخراً
199,4265,شري,النقل,23.3,0.1,50.7,7.7,⚠️ تصريف/توزيع,0.0,12.2,0.0,5.0,0.0,9.5,💧 حجم أيام الصعود أعلى من النزول بنسبة 1.4x خلال 10 جلسات | 🔊 تسارع نشاط التداول: متوسط 5 أيام أعلى من متوسط 20 يوماً بـ1.3x | ⚠️ تحذير تصريف: تدفق نقدي سلبي (CMF≈-0.12) رغم ارتفاع السعر مؤخراً
200,4194,محطة البناء,تجزئة السلع الكمالية,42.06,-6.7,42.9,7.5,👀 متابعة,0.0,1.7,5.8,0.0,0.0,0.0,🕯️ شمعة انعكاسية صعودية (ذيل سفلي طويل + إغلاق قوي) خلال آخر 3 جلسات
201,4016,أفالون فارما,الأدوية,58.3,-4.1,39.3,7.5,👀 متابعة,2.4,0.1,7.3,0.0,0.0,2.3,🔄 ارتداد من تشبع بيع: RSI عند 39 ويتجه للصعود | 🕯️ شمعة انعكاسية صعودية (ذيل سفلي طويل + إغلاق قوي) خلال آخر 3 جلسات | ⚠️ هيمنة حجم أيام النزول على الصعود (نسبة 0.6x) - ضغط بيعي
202,2310,سبكيم العالمية,المواد الأساسية,13.24,-7.0,39.8,7.4,👀 متابعة,0.0,3.5,7.1,0.0,0.0,3.2,🔊 تسارع نشاط التداول: متوسط 5 أيام أعلى من متوسط 20 يوماً بـ1.2x | 🔄 ارتداد من تشبع بيع: RSI عند 40 ويتجه للصعود | 🕯️ شمعة انعكاسية صعودية (ذيل سفلي طويل + إغلاق قوي) خلال آخر 3 جلسات | ⚠️ هيمنة حجم أيام النزول على الصعود (نسبة 0.6x) - ضغط بيعي
203,4230,البحر الأحمر,تطوير عقاري,24.12,-5.9,47.5,7.1,⚠️ تصريف/توزيع,0.0,0.0,5.0,0.0,10.0,7.9,🕯️ شمعة انعكاسية صعودية (ذيل سفلي طويل + إغلاق قوي) خلال آخر 3 جلسات | 📐 ترتيب صاعد للمتوسطات: السعر > متوسط 50 > متوسط 100 يوم | ⚠️ هيمنة حجم أيام النزول على الصعود (نسبة 0.4x) - ضغط بيعي
204,8300,الوطنية,التأمين,11.89,-10.3,39.9,7.1,👀 متابعة,0.0,5.1,2.0,0.0,0.0,0.0,🔊 تسارع نشاط التداول: متوسط 5 أيام أعلى من متوسط 20 يوماً بـ1.2x | 🔄 ارتداد من تشبع بيع: RSI عند 40 ويتجه للصعود
205,4335,مشاركة ريت,صناديق ريت,3.5,-10.3,26.7,7.1,⚠️ تصريف/توزيع,3.5,6.3,7.3,0.0,0.0,10.0,🔊 تسارع نشاط التداول: متوسط 5 أيام أعلى من متوسط 20 يوماً بـ1.6x | 🔄 ارتداد من تشبع بيع: RSI عند 27 ويتجه للصعود | ⚠️ هيمنة حجم أيام النزول على الصعود (نسبة 0.2x) - ضغط بيعي
206,3092,أسمنت الرياض,المواد الأساسية,21.67,-4.3,39.8,7.1,⚠️ تصريف/توزيع,0.0,8.0,7.1,0.0,0.0,7.9,🔊 تسارع نشاط التداول: متوسط 5 أيام أعلى من متوسط 20 يوماً بـ2.0x | 🔄 ارتداد من تشبع بيع: RSI عند 40 ويتجه للصعود | 🕯️ شمعة انعكاسية صعودية (ذيل سفلي طويل + إغلاق قوي) خلال آخر 3 جلسات | ⚠️ هيمنة حجم أيام النزول على الصعود (نسبة 0.4x) - ضغط بيعي
207,8160,التأمين العربية,التأمين,8.3,-4.7,46.8,6.9,👀 متابعة,0.0,1.9,5.0,0.0,0.0,0.0,🕯️ شمعة انعكاسية صعودية (ذيل سفلي طويل + إغلاق قوي) خلال آخر 3 جلسات
208,6010,نادك,إنتاج الأغذية,14.54,-8.2,37.8,6.7,👀 متابعة,0.0,3.8,2.9,0.0,0.0,0.0,🔄 ارتداد من تشبع بيع: RSI عند 38 ويتجه للصعود
209,2100,وفرة,إنتاج الأغذية,20.98,-15.2,45.4,6.7,👀 متابعة,0.0,1.7,5.0,0.0,0.0,0.0,🕯️ شمعة انعكاسية صعودية (ذيل سفلي طويل + إغلاق قوي) خلال آخر 3 جلسات
210,3010,أسمنت العربية,المواد الأساسية,22.23,-2.7,39.3,6.6,👀 متابعة,1.1,1.8,7.3,0.0,0.0,3.5,🔄 ارتداد من تشبع بيع: RSI عند 39 ويتجه للصعود | 🕯️ شمعة انعكاسية صعودية (ذيل سفلي طويل + إغلاق قوي) خلال آخر 3 جلسات | ⚠️ هيمنة حجم أيام النزول على الصعود (نسبة 0.6x) - ضغط بيعي
211,4339,دراية ريت,صناديق ريت,5.31,-4.2,40.0,6.2,👀 متابعة,1.6,2.6,2.0,0.0,0.0,0.0,🔄 ارتداد من تشبع بيع: RSI عند 40 ويتجه للصعود
212,6014,الآمار,الخدمات الاستهلاكية,38.12,-0.8,48.1,6.0,⚠️ تصريف/توزيع,0.0,6.0,5.0,10.0,0.0,15.0,💧 حجم أيام الصعود أعلى من النزول بنسبة 1.2x خلال 10 جلسات | 🕯️ شمعة انعكاسية صعودية (ذيل سفلي طويل + إغلاق قوي) خلال آخر 3 جلسات | 📊 تقاطع MACD صعودي حديث (زخم إيجابي متجدد) | ⚠️ تحذير تصريف: تدفق نقدي سلبي (CMF≈-0.35) رغم ارتفاع السعر مؤخراً
213,4021,المركز الكندي الطبي,الرعاية الصحية,5.44,-10.8,47.0,5.7,⚠️ تصريف/توزيع,0.0,10.7,0.0,10.0,0.0,15.0,💧 حجم أيام الصعود أعلى من النزول بنسبة 1.7x خلال 10 جلسات | 📊 تقاطع MACD صعودي حديث (زخم إيجابي متجدد) | ⚠️ تحذير تصريف: تدفق نقدي سلبي (CMF≈-0.33) رغم ارتفاع السعر مؤخراً
214,2010,سابك,المواد الأساسية,50.95,-1.6,41.7,5.6,👀 متابعة,2.2,5.0,1.3,0.0,0.0,3.0,🔊 تسارع نشاط التداول: متوسط 5 أيام أعلى من متوسط 20 يوماً بـ1.4x | ⚠️ هيمنة حجم أيام النزول على الصعود (نسبة 0.6x) - ضغط بيعي
215,4290,الخليج للتدريب,الخدمات الاستهلاكية,14.01,-4.6,47.7,5.5,⚠️ تصريف/توزيع,0.0,10.5,0.0,10.0,0.0,15.0,💧 حجم أيام الصعود أعلى من النزول بنسبة 1.5x خلال 10 جلسات | 📊 تقاطع MACD صعودي حديث (زخم إيجابي متجدد) | ⚠️ تحذير تصريف: تدفق نقدي سلبي (CMF≈-0.29) رغم ارتفاع السعر مؤخراً
216,1820,بان,الخدمات الاستهلاكية,2.09,-1.4,55.1,5.5,⚠️ تصريف/توزيع,0.0,8.4,0.0,0.0,10.0,12.9,🔊 تسارع نشاط التداول: متوسط 5 أيام أعلى من متوسط 20 يوماً بـ1.5x | 📐 ترتيب صاعد للمتوسطات: السعر > متوسط 50 > متوسط 100 يوم | ⚠️ تحذير تصريف: تدفق نقدي سلبي (CMF≈-0.17) رغم ارتفاع السعر مؤخراً
217,2200,أنابيب,المواد الأساسية,6.26,-6.3,34.0,5.2,🔄 ارتداد من تشبع بيع,0.0,0.0,9.4,0.0,0.0,4.2,🔄 ارتداد من تشبع بيع: RSI عند 34 ويتجه للصعود | 🕯️ شمعة انعكاسية صعودية (ذيل سفلي طويل + إغلاق قوي) خلال آخر 3 جلسات | ⚠️ هيمنة حجم أيام النزول على الصعود (نسبة 0.5x) - ضغط بيعي
218,1202,مبكو,المواد الأساسية,16.56,-7.8,45.0,5.2,⚠️ تصريف/توزيع,0.0,10.2,0.0,10.0,0.0,15.0,💧 حجم أيام الصعود أعلى من النزول بنسبة 1.3x خلال 10 جلسات | 🔊 تسارع نشاط التداول: متوسط 5 أيام أعلى من متوسط 20 يوماً بـ1.2x | 📊 تقاطع MACD صعودي حديث (زخم إيجابي متجدد) | ⚠️ تحذير تصريف: تدفق نقدي سلبي (CMF≈-0.39) رغم ارتفاع السعر مؤخراً
219,4001,أسواق ع العثيم,تجزئة السلع الاستهلاكية,5.27,-6.7,40.3,5.2,⚠️ تصريف/توزيع,0.0,3.3,6.9,10.0,0.0,15.0,🕯️ شمعة انعكاسية صعودية (ذيل سفلي طويل + إغلاق قوي) خلال آخر 3 جلسات | 📊 تقاطع MACD صعودي حديث (زخم إيجابي متجدد) | ⚠️ تحذير تصريف: تدفق نقدي سلبي (CMF≈-0.38) رغم ارتفاع السعر مؤخراً
220,4325,مسار,تطوير عقاري,16.83,-5.5,46.1,5.2,👀 متابعة,0.0,3.2,5.0,0.0,0.0,3.0,🕯️ شمعة انعكاسية صعودية (ذيل سفلي طويل + إغلاق قوي) خلال آخر 3 جلسات | ⚠️ هيمنة حجم أيام النزول على الصعود (نسبة 0.6x) - ضغط بيعي
221,4148,الوسائل الصناعية,السلع الرأسمالية,2.68,-7.6,42.1,4.9,⚠️ تصريف/توزيع,11.8,0.0,1.2,0.0,0.0,8.1,📦 تدفق نقدي إيجابي مستمر (CMF≈+0.14) يدل على تجميع | ⚠️ هيمنة حجم أيام النزول على الصعود (نسبة 0.4x) - ضغط بيعي
222,4340,الراجحي ريت,صناديق ريت,8.11,-1.5,42.8,4.8,⚠️ تصريف/توزيع,12.1,1.2,0.9,0.0,0.0,9.4,📦 تدفق نقدي إيجابي مستمر (CMF≈+0.14) يدل على تجميع | ⚠️ هيمنة حجم أيام النزول على الصعود (نسبة 0.3x) - ضغط بيعي
223,4264,طيران ناس,النقل,49.86,-13.3,38.4,4.8,👀 متابعة,0.0,3.2,2.6,0.0,0.0,1.0,🔄 ارتداد من تشبع بيع: RSI عند 38 ويتجه للصعود | ⚠️ هيمنة حجم أيام النزول على الصعود (نسبة 0.7x) - ضغط بيعي
224,2382,أديس,الطاقة,17.55,-9.3,41.4,4.7,👀 متابعة,0.0,3.3,1.4,0.0,0.0,0.0,لا توجد إشارات
225,2090,جبسكو,المواد الأساسية,13.99,-4.4,47.6,4.6,👀 متابعة,0.0,0.6,5.0,0.0,0.0,1.0,🕯️ شمعة انعكاسية صعودية (ذيل سفلي طويل + إغلاق قوي) خلال آخر 3 جلسات | ⚠️ هيمنة حجم أيام النزول على الصعود (نسبة 0.7x) - ضغط بيعي
226,8180,الصقر للتأمين,التأمين,10.78,-7.3,42.7,4.3,👀 متابعة,0.0,3.4,0.9,0.0,0.0,0.0,لا توجد إشارات
227,2287,إنتاج,إنتاج الأغذية,23.48,-2.5,39.7,4.3,⚠️ تصريف/توزيع,5.9,1.2,7.1,0.0,0.0,10.0,📈 مؤشر OBV في صعود مستمر خلال 20 جلسة مع تماسك سعري هادئ (تجميع بصمت) | 🔄 ارتداد من تشبع بيع: RSI عند 40 ويتجه للصعود | 🕯️ شمعة انعكاسية صعودية (ذيل سفلي طويل + إغلاق قوي) خلال آخر 3 جلسات | ⚠️ هيمنة حجم أيام النزول على الصعود (نسبة 0.1x) - ضغط بيعي
228,6019,المسار الشامل,الخدمات الاستهلاكية,23.09,-3.7,51.4,4.1,⚠️ تصريف/توزيع,2.8,0.0,0.0,0.0,10.0,8.7,📐 ترتيب صاعد للمتوسطات: السعر > متوسط 50 > متوسط 100 يوم | ⚠️ هيمنة حجم أيام النزول على الصعود (نسبة 0.4x) - ضغط بيعي
229,2160,أميانتيت,السلع الرأسمالية,12.35,-11.4,35.9,3.6,👀 متابعة,0.0,0.8,3.6,0.0,0.0,0.9,🔄 ارتداد من تشبع بيع: RSI عند 36 ويتجه للصعود | ⚠️ هيمنة حجم أيام النزول على الصعود (نسبة 0.7x) - ضغط بيعي
230,6013,التطويرية الغذائية,الخدمات الاستهلاكية,92.6,-7.6,44.4,3.3,👀 متابعة,0.0,3.1,0.2,0.0,0.0,0.0,لا توجد إشارات
231,4210,الأبحاث والإعلام,الإعلام والترفيه,63.25,-13.4,41.6,3.1,⚠️ تصريف/توزيع,0.0,6.8,1.4,10.0,0.0,15.0,📊 تقاطع MACD صعودي حديث (زخم إيجابي متجدد) | ⚠️ تحذير تصريف: تدفق نقدي سلبي (CMF≈-0.34) رغم ارتفاع السعر مؤخراً
232,8311,عناية,التأمين,9.79,-10.3,48.5,3.1,⚠️ تصريف/توزيع,2.4,10.7,0.0,5.0,0.0,15.0,💧 حجم أيام الصعود أعلى من النزول بنسبة 1.7x خلال 10 جلسات | ⚠️ تحذير تصريف: تدفق نقدي سلبي (CMF≈-0.35) رغم ارتفاع السعر مؤخراً
233,2288,نفوذ,إنتاج الأغذية,6.32,-12.0,29.7,2.9,⚠️ تصريف/توزيع,0.0,1.8,11.1,0.0,0.0,10.0,🔄 ارتداد من تشبع بيع: RSI عند 30 ويتجه للصعود | 🕯️ شمعة انعكاسية صعودية (ذيل سفلي طويل + إغلاق قوي) خلال آخر 3 جلسات | ⚠️ هيمنة حجم أيام النزول على الصعود (نسبة 0.3x) - ضغط بيعي
234,4006,أسواق المزرعة,تجزئة السلع الاستهلاكية,12.62,-4.9,43.8,2.6,👀 متابعة,0.0,2.1,0.5,0.0,0.0,0.0,لا توجد إشارات
235,2210,نماء للكيماويات,المواد الأساسية,18.74,0.0,29.1,2.5,⚠️ تصريف/توزيع,0.0,0.0,2.5,10.0,0.0,10.0,⏳ تشبع بيع واضح: RSI عند 29 (بانتظار تأكيد الارتداد) | 👀 السهم يقترب من اختراق قمة 20 جلسة | ⚠️ هيمنة حجم أيام النزول على الصعود (نسبة 0.0x) - ضغط بيعي
236,4324,بنان,تطوير عقاري,3.02,-5.3,43.9,2.1,👀 متابعة,0.0,2.2,5.4,0.0,0.0,5.6,🕯️ شمعة انعكاسية صعودية (ذيل سفلي طويل + إغلاق قوي) خلال آخر 3 جلسات | ⚠️ هيمنة حجم أيام النزول على الصعود (نسبة 0.5x) - ضغط بيعي
237,1213,نسيج,السلع طويلة الأجل,22.11,-27.9,44.6,2.1,👀 متابعة,0.0,0.0,5.1,0.0,0.0,3.0,🕯️ شمعة انعكاسية صعودية (ذيل سفلي طويل + إغلاق قوي) خلال آخر 3 جلسات | ⚠️ هيمنة حجم أيام النزول على الصعود (نسبة 0.6x) - ضغط بيعي
238,4337,العزيزية ريت,صناديق ريت,4.72,-7.8,23.8,1.5,⚠️ تصريف/توزيع,0.0,8.0,3.4,0.0,0.0,9.9,🔊 تسارع نشاط التداول: متوسط 5 أيام أعلى من متوسط 20 يوماً بـ2.1x | ⏳ تشبع بيع واضح: RSI عند 24 (بانتظار تأكيد الارتداد) | ⚠️ هيمنة حجم أيام النزول على الصعود (نسبة 0.3x) - ضغط بيعي
239,3050,أسمنت الجنوب,المواد الأساسية,18.68,-2.1,35.3,1.3,⚠️ تصريف/توزيع,2.6,1.7,3.9,0.0,0.0,6.8,🔄 ارتداد من تشبع بيع: RSI عند 35 ويتجه للصعود | ⚠️ هيمنة حجم أيام النزول على الصعود (نسبة 0.4x) - ضغط بيعي
240,4090,طيبة,تطوير عقاري,18.55,-1.0,51.1,1.2,⚠️ تصريف/توزيع,0.0,2.1,0.0,10.0,0.0,10.8,📊 تقاطع MACD صعودي حديث (زخم إيجابي متجدد) | ⚠️ تحذير تصريف: تدفق نقدي سلبي (CMF≈-0.14) رغم ارتفاع السعر مؤخراً
241,4193,نايس ون,تجزئة السلع الكمالية,11.5,-16.6,29.6,1.0,⚠️ تصريف/توزيع,0.0,4.8,6.2,0.0,0.0,10.0,🔊 تسارع نشاط التداول: متوسط 5 أيام أعلى من متوسط 20 يوماً بـ1.4x | 🔄 ارتداد من تشبع بيع: RSI عند 30 ويتجه للصعود | ⚠️ هيمنة حجم أيام النزول على الصعود (نسبة 0.3x) - ضغط بيعي
242,7201,بحر العرب,التطبيقات وخدمات التقنية,3.38,-6.4,52.1,0.4,⚠️ تصريف/توزيع,0.0,7.2,0.0,0.0,5.0,11.8,💧 حجم أيام الصعود أعلى من النزول بنسبة 1.3x خلال 10 جلسات | 📐 السعر أعلى من المتوسط المتحرك 50 يوم | ⚠️ تحذير تصريف: تدفق نقدي سلبي (CMF≈-0.15) رغم ارتفاع السعر مؤخراً
243,2120,متطورة,الخدمات المالية,15.5,-8.0,39.5,0.2,👀 متابعة,0.0,0.1,2.2,0.0,0.0,2.2,🔄 ارتداد من تشبع بيع: RSI عند 39 ويتجه للصعود | ⚠️ هيمنة حجم أيام النزول على الصعود (نسبة 0.6x) - ضغط بيعي
244,1210,بي سي آي,المواد الأساسية,23.1,-3.6,42.9,0.0,⚠️ تصريف/توزيع,0.0,6.2,5.8,0.0,0.0,15.0,🕯️ شمعة انعكاسية صعودية (ذيل سفلي طويل + إغلاق قوي) خلال آخر 3 جلسات | ⚠️ تحذير تصريف: تدفق نقدي سلبي (CMF≈-0.30) رغم ارتفاع السعر مؤخراً
245,1304,اليمامة للحديد,المواد الأساسية,37.3,-10.0,42.2,0.0,👀 متابعة,0.0,2.9,1.1,0.0,0.0,4.9,⚠️ هيمنة حجم أيام النزول على الصعود (نسبة 0.5x) - ضغط بيعي
246,8030,ميدغلف للتأمين,التأمين,15.6,-2.9,52.5,0.0,⚠️ تصريف/توزيع,0.0,3.8,0.0,0.0,10.0,15.0,📐 ترتيب صاعد للمتوسطات: السعر > متوسط 50 > متوسط 100 يوم | ⚠️ تحذير تصريف: تدفق نقدي سلبي (CMF≈-0.43) رغم ارتفاع السعر مؤخراً
247,4061,أنعام القابضة,تجزئة السلع الاستهلاكية,11.72,-8.0,52.8,0.0,⚠️ تصريف/توزيع,0.0,4.4,0.0,0.0,10.0,15.0,📐 ترتيب صاعد للمتوسطات: السعر > متوسط 50 > متوسط 100 يوم | ⚠️ تحذير تصريف: تدفق نقدي سلبي (CMF≈-0.32) رغم ارتفاع السعر مؤخراً
248,6001,حلواني إخوان,إنتاج الأغذية,31.34,-5.6,47.8,0.0,⚠️ تصريف/توزيع,0.0,9.1,0.0,0.0,0.0,14.4,💧 حجم أيام الصعود أعلى من النزول بنسبة 1.3x خلال 10 جلسات | ⚠️ تحذير تصريف: تدفق نقدي سلبي (CMF≈-0.19) رغم ارتفاع السعر مؤخراً
249,4080,سناد القابضة,إنتاج الأغذية,8.31,-5.5,44.8,0.0,⚠️ تصريف/توزيع,0.0,2.9,0.1,10.0,0.0,13.7,📊 تقاطع MACD صعودي حديث (زخم إيجابي متجدد) | ⚠️ تحذير تصريف: تدفق نقدي سلبي (CMF≈-0.17) رغم ارتفاع السعر مؤخراً | ⚠️ هيمنة حجم أيام النزول على الصعود (نسبة 0.7x) - ضغط بيعي
250,4160,ثمار,تجزئة السلع الاستهلاكية,33.96,-14.4,45.2,0.0,⚠️ تصريف/توزيع,0.0,12.0,0.0,0.0,0.0,15.0,💧 حجم أيام الصعود أعلى من النزول بنسبة 3.2x خلال 10 جلسات | ⚠️ تحذير تصريف: تدفق نقدي سلبي (CMF≈-0.30) رغم ارتفاع السعر مؤخراً
251,8150,أسيج,التأمين,6.58,-5.1,44.8,0.0,⚠️ تصريف/توزيع,0.0,0.0,0.1,0.0,0.0,7.7,⚠️ هيمنة حجم أيام النزول على الصعود (نسبة 0.4x) - ضغط بيعي
252,8310,أمانة للتأمين,التأمين,7.06,-11.3,48.6,0.0,⚠️ تصريف/توزيع,0.0,0.0,0.0,0.0,0.0,6.2,⚠️ هيمنة حجم أيام النزول على الصعود (نسبة 0.5x) - ضغط بيعي
253,8313,رسن,التأمين,132.0,-12.4,38.1,0.0,⚠️ تصريف/توزيع,0.0,0.0,7.8,0.0,0.0,8.7,🔄 ارتداد من تشبع بيع: RSI عند 38 ويتجه للصعود | 🕯️ شمعة انعكاسية صعودية (ذيل سفلي طويل + إغلاق قوي) خلال آخر 3 جلسات | ⚠️ هيمنة حجم أيام النزول على الصعود (نسبة 0.4x) - ضغط بيعي
254,1810,سيرا,الخدمات الاستهلاكية,20.64,-2.5,43.0,0.0,⚠️ تصريف/توزيع,0.0,2.4,5.8,0.0,0.0,10.0,🕯️ شمعة انعكاسية صعودية (ذيل سفلي طويل + إغلاق قوي) خلال آخر 3 جلسات | ⚠️ هيمنة حجم أيام النزول على الصعود (نسبة 0.3x) - ضغط بيعي
255,4191,أبو معطي,تجزئة السلع الكمالية,41.0,-5.6,44.1,0.0,👀 متابعة,0.0,0.0,0.4,0.0,0.0,3.8,⚠️ هيمنة حجم أيام النزول على الصعود (نسبة 0.5x) - ضغط بيعي
256,4240,سينومي ريتيل,تجزئة السلع الكمالية,12.55,-6.3,43.2,0.0,⚠️ تصريف/توزيع,0.0,3.1,0.7,10.0,0.0,15.0,📊 تقاطع MACD صعودي حديث (زخم إيجابي متجدد) | ⚠️ تحذير تصريف: تدفق نقدي سلبي (CMF≈-0.50) رغم ارتفاع السعر مؤخراً
257,4050,ساسكو,تجزئة السلع الكمالية,39.32,-9.5,31.3,0.0,⚠️ تصريف/توزيع,0.0,1.4,5.5,0.0,0.0,8.9,🔄 ارتداد من تشبع بيع: RSI عند 31 ويتجه للصعود | ⚠️ هيمنة حجم أيام النزول على الصعود (نسبة 0.3x) - ضغط بيعي
258,4072,مجموعة إم بي سي,الإعلام والترفيه,21.24,-3.5,46.0,0.0,⚠️ تصريف/توزيع,0.0,3.2,0.0,10.0,0.0,15.0,📊 تقاطع MACD صعودي حديث (زخم إيجابي متجدد) | ⚠️ تحذير تصريف: تدفق نقدي سلبي (CMF≈-0.46) رغم ارتفاع السعر مؤخراً
259,8260,الخليجية العامة,التأمين,3.82,-4.5,49.5,0.0,⚠️ تصريف/توزيع,0.0,8.7,0.0,0.0,0.0,15.0,💧 حجم أيام الصعود أعلى من النزول بنسبة 1.4x خلال 10 جلسات | ⚠️ تحذير تصريف: تدفق نقدي سلبي (CMF≈-0.23) رغم ارتفاع السعر مؤخراً
260,4145,أو جي سي,السلع الرأسمالية,23.68,-3.2,37.5,0.0,⚠️ تصريف/توزيع,1.7,0.0,6.2,0.0,0.0,10.0,🕯️ شمعة انعكاسية صعودية (ذيل سفلي طويل + إغلاق قوي) خلال آخر 3 جلسات | ⚠️ هيمنة حجم أيام النزول على الصعود (نسبة 0.2x) - ضغط بيعي
261,6004,كاتريون,الخدمات التجارية والمهنية,67.55,-9.9,23.4,0.0,⚠️ تصريف/توزيع,0.0,4.4,3.5,0.0,0.0,8.2,🔊 تسارع نشاط التداول: متوسط 5 أيام أعلى من متوسط 20 يوماً بـ1.3x | ⏳ تشبع بيع واضح: RSI عند 23 (بانتظار تأكيد الارتداد) | ⚠️ هيمنة حجم أيام النزول على الصعود (نسبة 0.4x) - ضغط بيعي
262,3091,أسمنت الجوف,المواد الأساسية,4.95,-2.2,51.7,0.0,⚠️ تصريف/توزيع,0.0,12.1,0.0,0.0,0.0,13.6,💧 حجم أيام الصعود أعلى من النزول بنسبة 1.2x خلال 10 جلسات | 🔊 تسارع نشاط التداول: متوسط 5 أيام أعلى من متوسط 20 يوماً بـ1.5x | ⚠️ تحذير تصريف: تدفق نقدي سلبي (CMF≈-0.18) رغم ارتفاع السعر مؤخراً
263,2110,الكابلات السعودية,السلع الرأسمالية,160.0,-0.6,47.5,0.0,⚠️ تصريف/توزيع,0.8,4.0,5.0,5.0,0.0,14.8,🕯️ شمعة انعكاسية صعودية (ذيل سفلي طويل + إغلاق قوي) خلال آخر 3 جلسات | ⚠️ تحذير تصريف: تدفق نقدي سلبي (CMF≈-0.20) رغم ارتفاع السعر مؤخراً
264,2060,التصنيع,المواد الأساسية,8.86,-4.4,42.3,0.0,⚠️ تصريف/توزيع,0.0,5.1,1.1,0.0,0.0,9.2,🔊 تسارع نشاط التداول: متوسط 5 أيام أعلى من متوسط 20 يوماً بـ1.4x | ⚠️ هيمنة حجم أيام النزول على الصعود (نسبة 0.3x) - ضغط بيعي
265,2330,المتقدمة,المواد الأساسية,23.0,-0.1,46.9,0.0,⚠️ تصريف/توزيع,0.0,2.9,0.0,5.0,0.0,8.3,⚠️ تحذير تصريف: تدفق نقدي سلبي (CMF≈-0.10) رغم ارتفاع السعر مؤخراً
266,4342,جدوى ريت السعودية,صناديق ريت,10.16,-7.3,24.6,0.0,⚠️ تصريف/توزيع,0.0,0.8,8.3,0.0,0.0,10.0,⏳ تشبع بيع واضح: RSI عند 25 (بانتظار تأكيد الارتداد) | 🕯️ شمعة انعكاسية صعودية (ذيل سفلي طويل + إغلاق قوي) خلال آخر 3 جلسات | ⚠️ هيمنة حجم أيام النزول على الصعود (نسبة 0.0x) - ضغط بيعي
267,4344,سدكو كابيتال ريت,صناديق ريت,7.5,-7.1,28.8,0.0,⚠️ تصريف/توزيع,1.1,3.9,2.6,0.0,0.0,10.0,🔊 تسارع نشاط التداول: متوسط 5 أيام أعلى من متوسط 20 يوماً بـ1.3x | ⏳ تشبع بيع واضح: RSI عند 29 (بانتظار تأكيد الارتداد) | ⚠️ هيمنة حجم أيام النزول على الصعود (نسبة 0.2x) - ضغط بيعي
268,7204,توبي,التطبيقات وخدمات التقنية,6.27,-3.1,49.9,0.0,⚠️ تصريف/توزيع,0.0,4.2,0.0,10.0,0.0,15.0,📊 تقاطع MACD صعودي حديث (زخم إيجابي متجدد) | ⚠️ تحذير تصريف: تدفق نقدي سلبي (CMF≈-0.42) رغم ارتفاع السعر مؤخراً
269,2030,المصافي,الطاقة,47.9,-13.9,45.0,0.0,⚠️ تصريف/توزيع,0.0,0.0,5.0,0.0,0.0,7.5,🕯️ شمعة انعكاسية صعودية (ذيل سفلي طويل + إغلاق قوي) خلال آخر 3 جلسات | ⚠️ هيمنة حجم أيام النزول على الصعود (نسبة 0.4x) - ضغط بيعي
