الترتيب,الرمز,الاسم,القطاع,السعر,التغير_20ساعة_%,RSI14,الدرجة,التصنيف,تجميع_ذكي,سيولة_ذكية,تشبع_بيع_وارتداد,اختراق_فني,بنية_الاتجاه,عقوبة_تصريف,أسباب_الاختيار (بناءً على 1h)
1,2284,المطاحن الحديثة,إنتاج الأغذية,30.1,3.9,68.1,65.4,📦 تجميع هادئ,28.3,12.0,5.0,10.0,10.0,0.0,📦 تدفق نقدي إيجابي مستمر (CMF≈+0.17) يدل على تجميع | 📈 مؤشر OBV في صعود مستمر خلال 20 جلسة مع تماسك سعري هادئ (تجميع بصمت) | 💧 حجم أيام الصعود أعلى من النزول بنسبة 1.4x خلال 10 جلسات | 🔊 تسارع نشاط التداول: متوسط 5 أيام أعلى من متوسط 20 يوماً بـ1.3x | 🕯️ شمعة انعكاسية صعودية (ذيل سفلي طويل + إغلاق قوي) خلال آخر 3 جلسات | 👀 السهم يقترب من اختراق قمة 20 جلسة | 📐 ترتيب صاعد للمتوسطات: السعر > متوسط 50 > متوسط 100 يوم
2,2350,كيان السعودية,المواد الأساسية,5.49,10.7,86.8,65.0,✅ زخم صاعد عام,30.0,20.0,5.0,5.0,5.0,0.0,📦 تدفق نقدي إيجابي مستمر (CMF≈+0.25) يدل على تجميع | 📈 مؤشر OBV في صعود مستمر خلال 20 جلسة | 💧 حجم أيام الصعود أعلى من النزول بنسبة 6.7x خلال 10 جلسات | 🔊 تسارع نشاط التداول: متوسط 5 أيام أعلى من متوسط 20 يوماً بـ2.2x | 🕯️ شمعة انعكاسية صعودية (ذيل سفلي طويل + إغلاق قوي) خلال آخر 3 جلسات | 📐 السعر أعلى من المتوسط المتحرك 50 يوم
3,4130,درب السعودية,الخدمات المالية,2.34,8.3,79.1,64.9,🚀 اختراق صاعد,21.5,18.8,0.0,19.7,5.0,0.0,📦 تدفق نقدي إيجابي مستمر (CMF≈+0.29) يدل على تجميع | 📈 مؤشر OBV في صعود مستمر خلال 20 جلسة | 💧 حجم أيام الصعود أعلى من النزول بنسبة 3.9x خلال 10 جلسات | 🔊 تسارع نشاط التداول: متوسط 5 أيام أعلى من متوسط 20 يوماً بـ1.6x | 🚀 اختراق فني: إغلاق فوق أعلى قمة لـ20 جلسة بحجم 2.0x المتوسط | 📐 السعر أعلى من المتوسط المتحرك 50 يوم
4,2380,بترو رابغ,الطاقة,17.2,18.1,79.4,63.1,✅ زخم صاعد عام,18.1,20.0,5.0,10.0,10.0,0.0,📦 تدفق نقدي إيجابي مستمر (CMF≈+0.19) يدل على تجميع | 📈 مؤشر OBV في صعود مستمر خلال 20 جلسة | 💧 حجم أيام الصعود أعلى من النزول بنسبة 3.5x خلال 10 جلسات | 🔊 تسارع نشاط التداول: متوسط 5 أيام أعلى من متوسط 20 يوماً بـ2.1x | 🕯️ شمعة انعكاسية صعودية (ذيل سفلي طويل + إغلاق قوي) خلال آخر 3 جلسات | 👀 السهم يقترب من اختراق قمة 20 جلسة | 📐 ترتيب صاعد للمتوسطات: السعر > متوسط 50 > متوسط 100 يوم
5,1301,أسلاك,المواد الأساسية,17.91,15.5,87.2,61.9,✅ زخم صاعد عام,21.9,20.0,5.0,10.0,5.0,0.0,📦 تدفق نقدي إيجابي مستمر (CMF≈+0.27) يدل على تجميع | 📈 مؤشر OBV في صعود مستمر خلال 20 جلسة | 💧 حجم أيام الصعود أعلى من النزول بنسبة 13.6x خلال 10 جلسات | 🔊 تسارع نشاط التداول: متوسط 5 أيام أعلى من متوسط 20 يوماً بـ2.5x | 🕯️ شمعة انعكاسية صعودية (ذيل سفلي طويل + إغلاق قوي) خلال آخر 3 جلسات | 👀 السهم يقترب من اختراق قمة 20 جلسة | 📐 السعر أعلى من المتوسط المتحرك 50 يوم
6,4140,صادرات,السلع الرأسمالية,2.52,9.6,77.5,61.6,✅ زخم صاعد عام,18.0,18.6,5.0,10.0,10.0,0.0,📦 تدفق نقدي إيجابي مستمر (CMF≈+0.21) يدل على تجميع | 📈 مؤشر OBV في صعود مستمر خلال 20 جلسة | 💧 حجم أيام الصعود أعلى من النزول بنسبة 8.5x خلال 10 جلسات | 🔊 تسارع نشاط التداول: متوسط 5 أيام أعلى من متوسط 20 يوماً بـ1.6x | 🕯️ شمعة انعكاسية صعودية (ذيل سفلي طويل + إغلاق قوي) خلال آخر 3 جلسات | 👀 السهم يقترب من اختراق قمة 20 جلسة | 📐 ترتيب صاعد للمتوسطات: السعر > متوسط 50 > متوسط 100 يوم
7,7202,سلوشنز,التطبيقات وخدمات التقنية,223.9,7.5,78.9,60.2,✅ زخم صاعد عام,21.7,13.5,5.0,10.0,10.0,0.0,📦 تدفق نقدي إيجابي مستمر (CMF≈+0.28) يدل على تجميع | 📈 مؤشر OBV في صعود مستمر خلال 20 جلسة | 💧 حجم أيام الصعود أعلى من النزول بنسبة 2.0x خلال 10 جلسات | 🕯️ شمعة انعكاسية صعودية (ذيل سفلي طويل + إغلاق قوي) خلال آخر 3 جلسات | 👀 السهم يقترب من اختراق قمة 20 جلسة | 📐 ترتيب صاعد للمتوسطات: السعر > متوسط 50 > متوسط 100 يوم
8,4180,مجموعة فتيحي,السلع طويلة الأجل,2.53,5.0,68.9,60.0,📦 تجميع هادئ,30.0,20.0,0.0,5.0,5.0,0.0,📦 تدفق نقدي إيجابي مستمر (CMF≈+0.26) يدل على تجميع | 📈 مؤشر OBV في صعود مستمر خلال 20 جلسة | 💧 حجم أيام الصعود أعلى من النزول بنسبة 4.0x خلال 10 جلسات | 🔊 تسارع نشاط التداول: متوسط 5 أيام أعلى من متوسط 20 يوماً بـ2.5x | 📐 السعر أعلى من المتوسط المتحرك 50 يوم
9,2083,مرافق,المرافق العامة,39.88,8.2,75.5,59.9,🚀 اختراق صاعد,15.5,18.5,0.0,15.9,10.0,0.0,📦 تدفق نقدي إيجابي مستمر (CMF≈+0.27) يدل على تجميع | 💧 حجم أيام الصعود أعلى من النزول بنسبة 3.2x خلال 10 جلسات | 🔊 تسارع نشاط التداول: متوسط 5 أيام أعلى من متوسط 20 يوماً بـ1.6x | 🚀 اختراق فني: إغلاق فوق أعلى قمة لـ20 جلسة بحجم 1.5x المتوسط | 📐 ترتيب صاعد للمتوسطات: السعر > متوسط 50 > متوسط 100 يوم
10,4014,دار المعدات,الرعاية الصحية,28.14,3.4,62.7,59.4,📦 تجميع هادئ,27.0,12.4,5.0,10.0,5.0,0.0,📦 تدفق نقدي إيجابي مستمر (CMF≈+0.14) يدل على تجميع | 📈 مؤشر OBV في صعود مستمر خلال 20 جلسة مع تماسك سعري هادئ (تجميع بصمت) | 💧 حجم أيام الصعود أعلى من النزول بنسبة 5.5x خلال 10 جلسات | 🕯️ شمعة انعكاسية صعودية (ذيل سفلي طويل + إغلاق قوي) خلال آخر 3 جلسات | 👀 السهم يقترب من اختراق قمة 20 جلسة | 📐 السعر أعلى من المتوسط المتحرك 50 يوم
11,4292,عطاء,الخدمات الاستهلاكية,47.7,6.4,66.5,58.4,👀 متابعة,19.0,19.4,5.0,10.0,5.0,0.0,📦 تدفق نقدي إيجابي مستمر (CMF≈+0.16) يدل على تجميع | 📈 مؤشر OBV في صعود مستمر خلال 20 جلسة | 💧 حجم أيام الصعود أعلى من النزول بنسبة 8.2x خلال 10 جلسات | 🔊 تسارع نشاط التداول: متوسط 5 أيام أعلى من متوسط 20 يوماً بـ1.7x | 🕯️ شمعة انعكاسية صعودية (ذيل سفلي طويل + إغلاق قوي) خلال آخر 3 جلسات | 👀 السهم يقترب من اختراق قمة 20 جلسة | 📐 السعر أعلى من المتوسط المتحرك 50 يوم
12,3091,أسمنت الجوف,المواد الأساسية,4.96,2.7,64.2,57.7,👀 متابعة,17.7,20.0,5.0,10.0,5.0,0.0,📦 تدفق نقدي إيجابي مستمر (CMF≈+0.19) يدل على تجميع | 💧 حجم أيام الصعود أعلى من النزول بنسبة 4.4x خلال 10 جلسات | 🔊 تسارع نشاط التداول: متوسط 5 أيام أعلى من متوسط 20 يوماً بـ2.1x | 🕯️ شمعة انعكاسية صعودية (ذيل سفلي طويل + إغلاق قوي) خلال آخر 3 جلسات | 👀 السهم يقترب من اختراق قمة 20 جلسة | 📐 السعر أعلى من المتوسط المتحرك 50 يوم
13,2220,معدنية,المواد الأساسية,12.0,5.8,71.6,57.6,📦 تجميع هادئ,20.4,17.2,5.0,10.0,5.0,0.0,📦 تدفق نقدي إيجابي مستمر (CMF≈+0.11) يدل على تجميع | 📈 مؤشر OBV في صعود مستمر خلال 20 جلسة | 💧 حجم أيام الصعود أعلى من النزول بنسبة 2.8x خلال 10 جلسات | 🔊 تسارع نشاط التداول: متوسط 5 أيام أعلى من متوسط 20 يوماً بـ1.4x | 🕯️ شمعة انعكاسية صعودية (ذيل سفلي طويل + إغلاق قوي) خلال آخر 3 جلسات | 👀 السهم يقترب من اختراق قمة 20 جلسة | 📐 السعر أعلى من المتوسط المتحرك 50 يوم
14,6014,الآمار,الخدمات الاستهلاكية,38.34,3.7,72.3,57.0,📦 تجميع هادئ,22.0,20.0,0.0,10.0,5.0,0.0,📦 تدفق نقدي إيجابي مستمر (CMF≈+0.07) يدل على تجميع | 📈 مؤشر OBV في صعود مستمر خلال 20 جلسة مع تماسك سعري هادئ (تجميع بصمت) | 💧 حجم أيام الصعود أعلى من النزول بنسبة 10.3x خلال 10 جلسات | 🔊 تسارع نشاط التداول: متوسط 5 أيام أعلى من متوسط 20 يوماً بـ2.0x | 👀 السهم يقترب من اختراق قمة 20 جلسة | 📐 السعر أعلى من المتوسط المتحرك 50 يوم
15,1111,مجموعة تداول,الخدمات المالية,122.2,4.4,61.5,56.6,📦 تجميع هادئ,20.2,16.3,5.0,10.0,5.0,0.0,📦 تدفق نقدي إيجابي مستمر (CMF≈+0.30) يدل على تجميع | 📈 مؤشر OBV في صعود مستمر خلال 20 جلسة | 💧 حجم أيام الصعود أعلى من النزول بنسبة 1.6x خلال 10 جلسات | 🔊 تسارع نشاط التداول: متوسط 5 أيام أعلى من متوسط 20 يوماً بـ1.5x | 🕯️ شمعة انعكاسية صعودية (ذيل سفلي طويل + إغلاق قوي) خلال آخر 3 جلسات | 👀 السهم يقترب من اختراق قمة 20 جلسة | 📐 السعر أعلى من المتوسط المتحرك 50 يوم
16,4164,النهدي,تجزئة وتوزيع السلع الاستهلاكية,95.95,4.4,59.2,56.4,📦 تجميع هادئ,30.0,6.4,5.0,5.0,10.0,0.0,📦 تدفق نقدي إيجابي مستمر (CMF≈+0.25) يدل على تجميع | 📈 مؤشر OBV في صعود مستمر خلال 20 جلسة | 💧 حجم أيام الصعود أعلى من النزول بنسبة 1.2x خلال 10 جلسات | 🕯️ شمعة انعكاسية صعودية (ذيل سفلي طويل + إغلاق قوي) خلال آخر 3 جلسات | 👀 السهم يقترب من اختراق قمة 20 جلسة | 📐 ترتيب صاعد للمتوسطات: السعر > متوسط 50 > متوسط 100 يوم
17,7010,اس تي سي,الاتصالات,43.64,3.0,59.9,56.1,📦 تجميع هادئ,27.6,8.5,5.0,10.0,5.0,0.0,📦 تدفق نقدي إيجابي مستمر (CMF≈+0.16) يدل على تجميع | 📈 مؤشر OBV في صعود مستمر خلال 20 جلسة مع تماسك سعري هادئ (تجميع بصمت) | 💧 حجم أيام الصعود أعلى من النزول بنسبة 1.2x خلال 10 جلسات | 🕯️ شمعة انعكاسية صعودية (ذيل سفلي طويل + إغلاق قوي) خلال آخر 3 جلسات | 👀 السهم يقترب من اختراق قمة 20 جلسة | 📐 السعر أعلى من المتوسط المتحرك 50 يوم
18,4192,السيف غاليري,تجزئة السلع الكمالية,6.59,1.4,59.5,55.4,👀 متابعة,15.4,20.0,5.0,10.0,5.0,0.0,📦 تدفق نقدي إيجابي مستمر (CMF≈+0.59) يدل على تجميع | 💧 حجم أيام الصعود أعلى من النزول بنسبة 2.0x خلال 10 جلسات | 🔊 تسارع نشاط التداول: متوسط 5 أيام أعلى من متوسط 20 يوماً بـ2.2x | 🕯️ شمعة انعكاسية صعودية (ذيل سفلي طويل + إغلاق قوي) خلال آخر 3 جلسات | 👀 السهم يقترب من اختراق قمة 20 جلسة | 📐 السعر أعلى من المتوسط المتحرك 50 يوم
19,4082,مرنة,الخدمات المالية,7.72,5.0,69.9,54.9,👀 متابعة,11.2,13.6,5.0,20.0,5.0,0.0,📦 تدفق نقدي إيجابي مستمر (CMF≈+0.11) يدل على تجميع | 💧 حجم أيام الصعود أعلى من النزول بنسبة 1.2x خلال 10 جلسات | 🔊 تسارع نشاط التداول: متوسط 5 أيام أعلى من متوسط 20 يوماً بـ1.7x | 🕯️ شمعة انعكاسية صعودية (ذيل سفلي طويل + إغلاق قوي) خلال آخر 3 جلسات | 🚀 اختراق فني: إغلاق فوق أعلى قمة لـ20 جلسة بحجم 2.5x المتوسط | 📐 السعر أعلى من المتوسط المتحرك 50 يوم
20,6070,الجوف,إنتاج الأغذية,43.4,5.6,71.2,54.7,📦 تجميع هادئ,26.0,13.7,5.0,5.0,5.0,0.0,📦 تدفق نقدي إيجابي مستمر (CMF≈+0.12) يدل على تجميع | 📈 مؤشر OBV في صعود مستمر خلال 20 جلسة | 💧 حجم أيام الصعود أعلى من النزول بنسبة 8.9x خلال 10 جلسات | 🕯️ شمعة انعكاسية صعودية (ذيل سفلي طويل + إغلاق قوي) خلال آخر 3 جلسات | 📐 السعر أعلى من المتوسط المتحرك 50 يوم
21,2222,أرامكو السعودية,الطاقة,27.08,3.5,72.4,54.7,📦 تجميع هادئ,20.3,19.3,0.0,10.0,5.0,0.0,📦 تدفق نقدي إيجابي مستمر (CMF≈+0.14) يدل على تجميع | 📈 مؤشر OBV في صعود مستمر خلال 20 جلسة مع تماسك سعري هادئ (تجميع بصمت) | 💧 حجم أيام الصعود أعلى من النزول بنسبة 7.5x خلال 10 جلسات | 🔊 تسارع نشاط التداول: متوسط 5 أيام أعلى من متوسط 20 يوماً بـ1.7x | 👀 السهم يقترب من اختراق قمة 20 جلسة | 📐 السعر أعلى من المتوسط المتحرك 50 يوم
22,4200,الدريس,الطاقة,120.9,6.8,71.5,54.7,👀 متابعة,15.2,17.3,0.0,12.2,10.0,0.0,📦 تدفق نقدي إيجابي مستمر (CMF≈+0.16) يدل على تجميع | 💧 حجم أيام الصعود أعلى من النزول بنسبة 2.5x خلال 10 جلسات | 🔊 تسارع نشاط التداول: متوسط 5 أيام أعلى من متوسط 20 يوماً بـ1.5x | 🚀 اختراق فني: إغلاق فوق أعلى قمة لـ20 جلسة بحجم 1.0x المتوسط | 📐 ترتيب صاعد للمتوسطات: السعر > متوسط 50 > متوسط 100 يوم
23,1830,لجام للرياضة,الخدمات الاستهلاكية,83.8,11.7,72.0,54.1,👀 متابعة,27.6,1.5,5.0,10.0,10.0,0.0,📦 تدفق نقدي إيجابي مستمر (CMF≈+0.15) يدل على تجميع | 📈 مؤشر OBV في صعود مستمر خلال 20 جلسة | 🕯️ شمعة انعكاسية صعودية (ذيل سفلي طويل + إغلاق قوي) خلال آخر 3 جلسات | 👀 السهم يقترب من اختراق قمة 20 جلسة | 📐 ترتيب صاعد للمتوسطات: السعر > متوسط 50 > متوسط 100 يوم | ⚠️ هيمنة حجم أيام النزول على الصعود (نسبة 0.7x) - ضغط بيعي
24,3008,الكثيري,المواد الأساسية,1.41,4.4,64.1,54.0,📦 تجميع هادئ,20.0,14.0,5.0,10.0,5.0,0.0,📦 تدفق نقدي إيجابي مستمر (CMF≈+0.37) يدل على تجميع | 📈 مؤشر OBV في صعود مستمر خلال 20 جلسة | 💧 حجم أيام الصعود أعلى من النزول بنسبة 15.4x خلال 10 جلسات | 🕯️ شمعة انعكاسية صعودية (ذيل سفلي طويل + إغلاق قوي) خلال آخر 3 جلسات | 👀 السهم يقترب من اختراق قمة 20 جلسة | 📐 السعر أعلى من المتوسط المتحرك 50 يوم
25,2090,جبسكو,المواد الأساسية,14.19,5.0,68.2,53.8,👀 متابعة,13.8,20.0,5.0,10.0,5.0,0.0,📈 مؤشر OBV في صعود مستمر خلال 20 جلسة | 💧 حجم أيام الصعود أعلى من النزول بنسبة 3.6x خلال 10 جلسات | 🔊 تسارع نشاط التداول: متوسط 5 أيام أعلى من متوسط 20 يوماً بـ2.0x | 🕯️ شمعة انعكاسية صعودية (ذيل سفلي طويل + إغلاق قوي) خلال آخر 3 جلسات | 👀 السهم يقترب من اختراق قمة 20 جلسة | 📐 السعر أعلى من المتوسط المتحرك 50 يوم
26,2340,ارتيكس,السلع طويلة الأجل,13.0,5.8,64.9,53.7,👀 متابعة,10.4,18.3,5.0,10.0,10.0,0.0,📦 تدفق نقدي إيجابي مستمر (CMF≈+0.09) يدل على تجميع | 💧 حجم أيام الصعود أعلى من النزول بنسبة 2.6x خلال 10 جلسات | 🔊 تسارع نشاط التداول: متوسط 5 أيام أعلى من متوسط 20 يوماً بـ1.6x | 🕯️ شمعة انعكاسية صعودية (ذيل سفلي طويل + إغلاق قوي) خلال آخر 3 جلسات | 👀 السهم يقترب من اختراق قمة 20 جلسة | 📐 ترتيب صاعد للمتوسطات: السعر > متوسط 50 > متوسط 100 يوم
27,4001,أسواق ع العثيم,تجزئة وتوزيع السلع الاستهلاكية,5.25,3.3,70.7,53.6,📦 تجميع هادئ,19.1,14.5,5.0,10.0,5.0,0.0,📦 تدفق نقدي إيجابي مستمر (CMF≈+0.23) يدل على تجميع | 📈 مؤشر OBV في صعود مستمر خلال 20 جلسة مع تماسك سعري هادئ (تجميع بصمت) | 💧 حجم أيام الصعود أعلى من النزول بنسبة 12.0x خلال 10 جلسات | 🕯️ شمعة انعكاسية صعودية (ذيل سفلي طويل + إغلاق قوي) خلال آخر 3 جلسات | 👀 السهم يقترب من اختراق قمة 20 جلسة | 📐 السعر أعلى من المتوسط المتحرك 50 يوم
28,6018,الأندية للرياضة,الخدمات الاستهلاكية,7.37,9.0,67.3,53.5,👀 متابعة,25.9,7.6,5.0,5.0,10.0,0.0,📦 تدفق نقدي إيجابي مستمر (CMF≈+0.12) يدل على تجميع | 📈 مؤشر OBV في صعود مستمر خلال 20 جلسة | 💧 حجم أيام الصعود أعلى من النزول بنسبة 1.4x خلال 10 جلسات | 🕯️ شمعة انعكاسية صعودية (ذيل سفلي طويل + إغلاق قوي) خلال آخر 3 جلسات | 📐 ترتيب صاعد للمتوسطات: السعر > متوسط 50 > متوسط 100 يوم
29,4190,جرير,تجزئة السلع الكمالية,17.03,2.7,69.1,53.1,👀 متابعة,15.7,17.4,5.0,10.0,5.0,0.0,📦 تدفق نقدي إيجابي مستمر (CMF≈+0.24) يدل على تجميع | 💧 حجم أيام الصعود أعلى من النزول بنسبة 2.6x خلال 10 جلسات | 🔊 تسارع نشاط التداول: متوسط 5 أيام أعلى من متوسط 20 يوماً بـ1.5x | 🕯️ شمعة انعكاسية صعودية (ذيل سفلي طويل + إغلاق قوي) خلال آخر 3 جلسات | 👀 السهم يقترب من اختراق قمة 20 جلسة | 📐 السعر أعلى من المتوسط المتحرك 50 يوم
30,1182,أملاك,الخدمات المالية,9.12,10.5,80.8,52.8,👀 متابعة,11.3,16.5,5.0,10.0,10.0,0.0,📈 مؤشر OBV في صعود مستمر خلال 20 جلسة | 💧 حجم أيام الصعود أعلى من النزول بنسبة 10.7x خلال 10 جلسات | 🔊 تسارع نشاط التداول: متوسط 5 أيام أعلى من متوسط 20 يوماً بـ1.4x | 🕯️ شمعة انعكاسية صعودية (ذيل سفلي طويل + إغلاق قوي) خلال آخر 3 جلسات | 👀 السهم يقترب من اختراق قمة 20 جلسة | 📐 ترتيب صاعد للمتوسطات: السعر > متوسط 50 > متوسط 100 يوم
31,4291,الوطنية للتعليم,الخدمات الاستهلاكية,143.0,10.8,75.3,52.7,👀 متابعة,17.7,20.0,0.0,5.0,10.0,0.0,📦 تدفق نقدي إيجابي مستمر (CMF≈+0.10) يدل على تجميع | 📈 مؤشر OBV في صعود مستمر خلال 20 جلسة | 💧 حجم أيام الصعود أعلى من النزول بنسبة 3.5x خلال 10 جلسات | 🔊 تسارع نشاط التداول: متوسط 5 أيام أعلى من متوسط 20 يوماً بـ2.3x | 📐 ترتيب صاعد للمتوسطات: السعر > متوسط 50 > متوسط 100 يوم
32,1211,معادن,المواد الأساسية,59.05,6.2,62.7,52.5,👀 متابعة,23.9,13.6,5.0,5.0,5.0,0.0,📦 تدفق نقدي إيجابي مستمر (CMF≈+0.30) يدل على تجميع | 📈 مؤشر OBV في صعود مستمر خلال 20 جلسة | 💧 حجم أيام الصعود أعلى من النزول بنسبة 2.3x خلال 10 جلسات | 🕯️ شمعة انعكاسية صعودية (ذيل سفلي طويل + إغلاق قوي) خلال آخر 3 جلسات | 📐 السعر أعلى من المتوسط المتحرك 50 يوم
33,1834,سماسكو,الخدمات التجارية والمهنية,6.44,4.5,78.0,52.4,👀 متابعة,16.4,16.0,5.0,10.0,5.0,0.0,📦 تدفق نقدي إيجابي مستمر (CMF≈+0.46) يدل على تجميع | 💧 حجم أيام الصعود أعلى من النزول بنسبة 1385381.0x خلال 10 جلسات | 🔊 تسارع نشاط التداول: متوسط 5 أيام أعلى من متوسط 20 يوماً بـ1.3x | 🕯️ شمعة انعكاسية صعودية (ذيل سفلي طويل + إغلاق قوي) خلال آخر 3 جلسات | 👀 السهم يقترب من اختراق قمة 20 جلسة | 📐 السعر أعلى من المتوسط المتحرك 50 يوم
34,4005,رعاية,الرعاية الصحية,125.1,9.9,75.5,52.2,👀 متابعة,16.3,15.9,0.0,10.0,10.0,0.0,📦 تدفق نقدي إيجابي مستمر (CMF≈+0.18) يدل على تجميع | 💧 حجم أيام الصعود أعلى من النزول بنسبة 2.4x خلال 10 جلسات | 🔊 تسارع نشاط التداول: متوسط 5 أيام أعلى من متوسط 20 يوماً بـ1.3x | 👀 السهم يقترب من اختراق قمة 20 جلسة | 📐 ترتيب صاعد للمتوسطات: السعر > متوسط 50 > متوسط 100 يوم
35,3010,أسمنت العربية,المواد الأساسية,22.24,1.2,53.4,52.0,📦 تجميع هادئ,20.2,16.7,5.0,10.0,0.0,0.0,📈 مؤشر OBV في صعود مستمر خلال 20 جلسة مع تماسك سعري هادئ (تجميع بصمت) | 💧 حجم أيام الصعود أعلى من النزول بنسبة 2.3x خلال 10 جلسات | 🔊 تسارع نشاط التداول: متوسط 5 أيام أعلى من متوسط 20 يوماً بـ1.4x | 🕯️ شمعة انعكاسية صعودية (ذيل سفلي طويل + إغلاق قوي) خلال آخر 3 جلسات | 👀 السهم يقترب من اختراق قمة 20 جلسة
36,4345,الإنماء ريت للتجزئة,الصناديق العقارية المتداولة,4.82,0.4,54.4,51.8,👀 متابعة,15.0,11.8,5.0,10.0,10.0,0.0,📦 تدفق نقدي إيجابي مستمر (CMF≈+0.21) يدل على تجميع | 💧 حجم أيام الصعود أعلى من النزول بنسبة 1.6x خلال 10 جلسات | 🕯️ شمعة انعكاسية صعودية (ذيل سفلي طويل + إغلاق قوي) خلال آخر 3 جلسات | 👀 السهم يقترب من اختراق قمة 20 جلسة | 📐 ترتيب صاعد للمتوسطات: السعر > متوسط 50 > متوسط 100 يوم
37,7200,ام آي اس,التطبيقات وخدمات التقنية,274.2,19.2,81.3,51.6,👀 متابعة,20.7,15.9,0.0,5.0,10.0,0.0,📦 تدفق نقدي إيجابي مستمر (CMF≈+0.36) يدل على تجميع | 📈 مؤشر OBV في صعود مستمر خلال 20 جلسة | 💧 حجم أيام الصعود أعلى من النزول بنسبة 3.5x خلال 10 جلسات | 🔊 تسارع نشاط التداول: متوسط 5 أيام أعلى من متوسط 20 يوماً بـ1.3x | 📐 ترتيب صاعد للمتوسطات: السعر > متوسط 50 > متوسط 100 يوم
38,4250,جبل عمر,إدارة وتطوير العقارات,17.4,9.0,67.1,51.5,👀 متابعة,22.7,13.9,0.0,5.0,10.0,0.0,📦 تدفق نقدي إيجابي مستمر (CMF≈+0.05) يدل على تجميع | 📈 مؤشر OBV في صعود مستمر خلال 20 جلسة | 💧 حجم أيام الصعود أعلى من النزول بنسبة 1.6x خلال 10 جلسات | 🔊 تسارع نشاط التداول: متوسط 5 أيام أعلى من متوسط 20 يوماً بـ1.3x | 📐 ترتيب صاعد للمتوسطات: السعر > متوسط 50 > متوسط 100 يوم
39,4012,الأصيل,السلع طويلة الأجل,3.72,4.5,76.9,51.5,👀 متابعة,11.5,20.0,5.0,10.0,5.0,0.0,📦 تدفق نقدي إيجابي مستمر (CMF≈+0.06) يدل على تجميع | 📈 مؤشر OBV في صعود مستمر خلال 20 جلسة | 💧 حجم أيام الصعود أعلى من النزول بنسبة 10.5x خلال 10 جلسات | 🔊 تسارع نشاط التداول: متوسط 5 أيام أعلى من متوسط 20 يوماً بـ2.0x | 🕯️ شمعة انعكاسية صعودية (ذيل سفلي طويل + إغلاق قوي) خلال آخر 3 جلسات | 👀 السهم يقترب من اختراق قمة 20 جلسة | 📐 السعر أعلى من المتوسط المتحرك 50 يوم
40,6002,هرفي للأغذية,الخدمات الاستهلاكية,15.3,12.1,80.0,51.4,👀 متابعة,11.4,20.0,5.0,10.0,5.0,0.0,📈 مؤشر OBV في صعود مستمر خلال 20 جلسة | 💧 حجم أيام الصعود أعلى من النزول بنسبة 5.3x خلال 10 جلسات | 🔊 تسارع نشاط التداول: متوسط 5 أيام أعلى من متوسط 20 يوماً بـ2.4x | 🕯️ شمعة انعكاسية صعودية (ذيل سفلي طويل + إغلاق قوي) خلال آخر 3 جلسات | 👀 السهم يقترب من اختراق قمة 20 جلسة | 📐 السعر أعلى من المتوسط المتحرك 50 يوم
41,6016,برغرايززر,الخدمات الاستهلاكية,7.53,5.5,68.9,51.2,📦 تجميع هادئ,23.7,17.5,0.0,5.0,5.0,0.0,📦 تدفق نقدي إيجابي مستمر (CMF≈+0.07) يدل على تجميع | 📈 مؤشر OBV في صعود مستمر خلال 20 جلسة | 💧 حجم أيام الصعود أعلى من النزول بنسبة 6.3x خلال 10 جلسات | 🔊 تسارع نشاط التداول: متوسط 5 أيام أعلى من متوسط 20 يوماً بـ1.5x | 📐 السعر أعلى من المتوسط المتحرك 50 يوم
42,2040,الخزف السعودي,السلع الرأسمالية,25.6,7.2,76.4,51.1,👀 متابعة,15.4,15.7,5.0,10.0,5.0,0.0,📦 تدفق نقدي إيجابي مستمر (CMF≈+0.10) يدل على تجميع | 📈 مؤشر OBV في صعود مستمر خلال 20 جلسة | 💧 حجم أيام الصعود أعلى من النزول بنسبة 40.4x خلال 10 جلسات | 🔊 تسارع نشاط التداول: متوسط 5 أيام أعلى من متوسط 20 يوماً بـ1.3x | 🕯️ شمعة انعكاسية صعودية (ذيل سفلي طويل + إغلاق قوي) خلال آخر 3 جلسات | 👀 السهم يقترب من اختراق قمة 20 جلسة | 📐 السعر أعلى من المتوسط المتحرك 50 يوم
43,4081,النايفات,الخدمات المالية,9.89,7.0,76.8,50.3,👀 متابعة,10.3,20.0,5.0,10.0,5.0,0.0,📦 تدفق نقدي إيجابي مستمر (CMF≈+0.09) يدل على تجميع | 💧 حجم أيام الصعود أعلى من النزول بنسبة 3.7x خلال 10 جلسات | 🔊 تسارع نشاط التداول: متوسط 5 أيام أعلى من متوسط 20 يوماً بـ2.8x | 🕯️ شمعة انعكاسية صعودية (ذيل سفلي طويل + إغلاق قوي) خلال آخر 3 جلسات | 👀 السهم يقترب من اختراق قمة 20 جلسة | 📐 السعر أعلى من المتوسط المتحرك 50 يوم
44,4080,سناد القابضة,إنتاج الأغذية,8.37,3.6,68.2,49.9,📦 تجميع هادئ,20.2,14.7,0.0,10.0,5.0,0.0,📦 تدفق نقدي إيجابي مستمر (CMF≈+0.05) يدل على تجميع | 📈 مؤشر OBV في صعود مستمر خلال 20 جلسة مع تماسك سعري هادئ (تجميع بصمت) | 💧 حجم أيام الصعود أعلى من النزول بنسبة 4.4x خلال 10 جلسات | 👀 السهم يقترب من اختراق قمة 20 جلسة | 📐 السعر أعلى من المتوسط المتحرك 50 يوم
45,2130,صدق,السلع طويلة الأجل,17.19,6.6,73.5,49.2,👀 متابعة,9.2,20.0,5.0,10.0,5.0,0.0,📦 تدفق نقدي إيجابي مستمر (CMF≈+0.07) يدل على تجميع | 💧 حجم أيام الصعود أعلى من النزول بنسبة 4.2x خلال 10 جلسات | 🔊 تسارع نشاط التداول: متوسط 5 أيام أعلى من متوسط 20 يوماً بـ2.0x | 🕯️ شمعة انعكاسية صعودية (ذيل سفلي طويل + إغلاق قوي) خلال آخر 3 جلسات | 👀 السهم يقترب من اختراق قمة 20 جلسة | 📐 السعر أعلى من المتوسط المتحرك 50 يوم
46,2150,زجاج,المواد الأساسية,37.28,4.1,66.3,49.2,👀 متابعة,12.6,11.6,5.0,10.0,10.0,0.0,📦 تدفق نقدي إيجابي مستمر (CMF≈+0.13) يدل على تجميع | 💧 حجم أيام الصعود أعلى من النزول بنسبة 1.7x خلال 10 جلسات | 🕯️ شمعة انعكاسية صعودية (ذيل سفلي طويل + إغلاق قوي) خلال آخر 3 جلسات | 👀 السهم يقترب من اختراق قمة 20 جلسة | 📐 ترتيب صاعد للمتوسطات: السعر > متوسط 50 > متوسط 100 يوم
47,4323,سمو,إدارة وتطوير العقارات,26.84,4.2,64.4,48.8,👀 متابعة,17.6,11.1,5.0,10.0,5.0,0.0,📦 تدفق نقدي إيجابي مستمر (CMF≈+0.12) يدل على تجميع | 📈 مؤشر OBV في صعود مستمر خلال 20 جلسة | 💧 حجم أيام الصعود أعلى من النزول بنسبة 1.5x خلال 10 جلسات | 🕯️ شمعة انعكاسية صعودية (ذيل سفلي طويل + إغلاق قوي) خلال آخر 3 جلسات | 👀 السهم يقترب من اختراق قمة 20 جلسة | 📐 السعر أعلى من المتوسط المتحرك 50 يوم
48,4161,بن داود,تجزئة وتوزيع السلع الاستهلاكية,4.7,2.4,63.1,48.5,👀 متابعة,12.9,15.6,5.0,10.0,5.0,0.0,📈 مؤشر OBV في صعود مستمر خلال 20 جلسة مع تماسك سعري هادئ (تجميع بصمت) | 💧 حجم أيام الصعود أعلى من النزول بنسبة 3.7x خلال 10 جلسات | 🔊 تسارع نشاط التداول: متوسط 5 أيام أعلى من متوسط 20 يوماً بـ1.2x | 🕯️ شمعة انعكاسية صعودية (ذيل سفلي طويل + إغلاق قوي) خلال آخر 3 جلسات | 👀 السهم يقترب من اختراق قمة 20 جلسة | 📐 السعر أعلى من المتوسط المتحرك 50 يوم
49,4011,لازوردي,السلع طويلة الأجل,11.25,5.3,61.1,48.5,📦 تجميع هادئ,30.0,8.5,0.0,5.0,5.0,0.0,📦 تدفق نقدي إيجابي مستمر (CMF≈+0.47) يدل على تجميع | 📈 مؤشر OBV في صعود مستمر خلال 20 جلسة | 💧 حجم أيام الصعود أعلى من النزول بنسبة 1.4x خلال 10 جلسات | 📐 السعر أعلى من المتوسط المتحرك 50 يوم
50,2282,نقي,إنتاج الأغذية,57.55,1.1,56.3,48.2,👀 متابعة,11.0,17.3,0.0,10.0,10.0,0.0,📦 تدفق نقدي إيجابي مستمر (CMF≈+0.12) يدل على تجميع | 💧 حجم أيام الصعود أعلى من النزول بنسبة 2.9x خلال 10 جلسات | 🔊 تسارع نشاط التداول: متوسط 5 أيام أعلى من متوسط 20 يوماً بـ1.5x | 👀 السهم يقترب من اختراق قمة 20 جلسة | 📐 ترتيب صاعد للمتوسطات: السعر > متوسط 50 > متوسط 100 يوم
51,4015,جمجوم فارما,الأدوية,140.8,2.0,58.9,48.1,👀 متابعة,9.3,16.8,5.0,12.0,5.0,0.0,📦 تدفق نقدي إيجابي مستمر (CMF≈+0.06) يدل على تجميع | 💧 حجم أيام الصعود أعلى من النزول بنسبة 2.4x خلال 10 جلسات | 🔊 تسارع نشاط التداول: متوسط 5 أيام أعلى من متوسط 20 يوماً بـ1.4x | 🕯️ شمعة انعكاسية صعودية (ذيل سفلي طويل + إغلاق قوي) خلال آخر 3 جلسات | 🚀 اختراق فني: إغلاق فوق أعلى قمة لـ20 جلسة بحجم 0.3x المتوسط | 📐 السعر أعلى من المتوسط المتحرك 50 يوم
52,4336,ملكية ريت,الصناديق العقارية المتداولة,4.61,0.7,54.4,47.7,📦 تجميع هادئ,20.7,12.0,0.0,10.0,5.0,0.0,📦 تدفق نقدي إيجابي مستمر (CMF≈+0.13) يدل على تجميع | 📈 مؤشر OBV في صعود مستمر خلال 20 جلسة مع تماسك سعري هادئ (تجميع بصمت) | 💧 حجم أيام الصعود أعلى من النزول بنسبة 3.4x خلال 10 جلسات | 👀 السهم يقترب من اختراق قمة 20 جلسة | 📐 السعر أعلى من المتوسط المتحرك 50 يوم
53,4310,مدينة المعرفة,إدارة وتطوير العقارات,15.47,2.1,62.0,47.7,👀 متابعة,9.5,13.2,0.0,15.0,10.0,0.0,📦 تدفق نقدي إيجابي مستمر (CMF≈+0.07) يدل على تجميع | 💧 حجم أيام الصعود أعلى من النزول بنسبة 1.8x خلال 10 جلسات | 👀 السهم يقترب من اختراق قمة 20 جلسة | 📊 تقاطع MACD صعودي حديث (زخم إيجابي متجدد) | 📐 ترتيب صاعد للمتوسطات: السعر > متوسط 50 > متوسط 100 يوم
54,4347,بنيان ريت,الصناديق العقارية المتداولة,9.99,-1.3,38.2,47.5,📦 تجميع هادئ,30.0,16.4,1.1,0.0,0.0,0.0,📦 تدفق نقدي إيجابي مستمر (CMF≈+0.24) يدل على تجميع | 📈 مؤشر OBV في صعود مستمر خلال 20 جلسة مع تماسك سعري هادئ (تجميع بصمت) | 💧 حجم أيام الصعود أعلى من النزول بنسبة 1.4x خلال 10 جلسات | 🔊 تسارع نشاط التداول: متوسط 5 أيام أعلى من متوسط 20 يوماً بـ1.8x
55,4110,باتك,السلع الرأسمالية,2.09,4.5,73.7,47.0,👀 متابعة,16.7,15.3,0.0,10.0,5.0,0.0,📦 تدفق نقدي إيجابي مستمر (CMF≈+0.36) يدل على تجميع | 💧 حجم أيام الصعود أعلى من النزول بنسبة 4.5x خلال 10 جلسات | 🔊 تسارع نشاط التداول: متوسط 5 أيام أعلى من متوسط 20 يوماً بـ1.2x | 👀 السهم يقترب من اختراق قمة 20 جلسة | 📐 السعر أعلى من المتوسط المتحرك 50 يوم
56,4331,الجزيرة ريت,الصناديق العقارية المتداولة,11.49,2.1,60.3,46.9,👀 متابعة,12.7,9.2,5.0,10.0,10.0,0.0,📦 تدفق نقدي إيجابي مستمر (CMF≈+0.14) يدل على تجميع | 🔊 تسارع نشاط التداول: متوسط 5 أيام أعلى من متوسط 20 يوماً بـ1.3x | 🕯️ شمعة انعكاسية صعودية (ذيل سفلي طويل + إغلاق قوي) خلال آخر 3 جلسات | 👀 السهم يقترب من اختراق قمة 20 جلسة | 📐 ترتيب صاعد للمتوسطات: السعر > متوسط 50 > متوسط 100 يوم
57,4090,طيبة,إدارة وتطوير العقارات,18.55,4.7,68.1,46.2,👀 متابعة,11.3,14.9,5.0,10.0,5.0,0.0,📦 تدفق نقدي إيجابي مستمر (CMF≈+0.07) يدل على تجميع | 💧 حجم أيام الصعود أعلى من النزول بنسبة 2.1x خلال 10 جلسات | 🕯️ شمعة انعكاسية صعودية (ذيل سفلي طويل + إغلاق قوي) خلال آخر 3 جلسات | 👀 السهم يقترب من اختراق قمة 20 جلسة | 📐 السعر أعلى من المتوسط المتحرك 50 يوم
58,1835,تمكين,الخدمات التجارية والمهنية,49.74,3.3,69.2,46.1,👀 متابعة,14.1,12.0,0.0,10.0,10.0,0.0,📦 تدفق نقدي إيجابي مستمر (CMF≈+0.12) يدل على تجميع | 💧 حجم أيام الصعود أعلى من النزول بنسبة 2.4x خلال 10 جلسات | 👀 السهم يقترب من اختراق قمة 20 جلسة | 📐 ترتيب صاعد للمتوسطات: السعر > متوسط 50 > متوسط 100 يوم
59,2280,المراعي,إنتاج الأغذية,47.44,3.2,65.4,46.0,👀 متابعة,16.7,14.3,0.0,10.0,5.0,0.0,📦 تدفق نقدي إيجابي مستمر (CMF≈+0.22) يدل على تجميع | 💧 حجم أيام الصعود أعلى من النزول بنسبة 4.8x خلال 10 جلسات | 👀 السهم يقترب من اختراق قمة 20 جلسة | 📐 السعر أعلى من المتوسط المتحرك 50 يوم
60,2200,أنابيب,المواد الأساسية,6.47,4.7,79.7,45.9,👀 متابعة,5.9,20.0,5.0,5.0,10.0,0.0,💧 حجم أيام الصعود أعلى من النزول بنسبة 2.3x خلال 10 جلسات | 🔊 تسارع نشاط التداول: متوسط 5 أيام أعلى من متوسط 20 يوماً بـ1.8x | 🕯️ شمعة انعكاسية صعودية (ذيل سفلي طويل + إغلاق قوي) خلال آخر 3 جلسات | 👀 السهم يقترب من اختراق قمة 20 جلسة | 📐 ترتيب صاعد للمتوسطات: السعر > متوسط 50 > متوسط 100 يوم
61,1322,آماك,المواد الأساسية,74.75,3.5,57.2,44.8,👀 متابعة,17.8,12.0,5.0,0.0,10.0,0.0,📦 تدفق نقدي إيجابي مستمر (CMF≈+0.21) يدل على تجميع | 💧 حجم أيام الصعود أعلى من النزول بنسبة 6.5x خلال 10 جلسات | 🕯️ شمعة انعكاسية صعودية (ذيل سفلي طويل + إغلاق قوي) خلال آخر 3 جلسات | 📐 ترتيب صاعد للمتوسطات: السعر > متوسط 50 > متوسط 100 يوم
62,4346,ميفك ريت,الصناديق العقارية المتداولة,3.34,0.9,57.2,44.7,👀 متابعة,17.7,12.0,0.0,10.0,5.0,0.0,📦 تدفق نقدي إيجابي مستمر (CMF≈+0.37) يدل على تجميع | 💧 حجم أيام الصعود أعلى من النزول بنسبة 34.5x خلال 10 جلسات | 👀 السهم يقترب من اختراق قمة 20 جلسة | 📐 السعر أعلى من المتوسط المتحرك 50 يوم
63,4019,اس ام سي للرعاية الصحية,الرعاية الصحية,15.36,6.6,63.6,44.7,👀 متابعة,17.3,12.4,0.0,10.0,5.0,0.0,📦 تدفق نقدي إيجابي مستمر (CMF≈+0.13) يدل على تجميع | 📈 مؤشر OBV في صعود مستمر خلال 20 جلسة | 💧 حجم أيام الصعود أعلى من النزول بنسبة 4.1x خلال 10 جلسات | 👀 السهم يقترب من اختراق قمة 20 جلسة | 📐 السعر أعلى من المتوسط المتحرك 50 يوم
64,7203,علم,التطبيقات وخدمات التقنية,648.5,-3.9,49.3,44.5,👀 متابعة,15.0,14.5,5.0,10.0,0.0,0.0,📦 تدفق نقدي إيجابي مستمر (CMF≈+0.23) يدل على تجميع | 💧 حجم أيام الصعود أعلى من النزول بنسبة 2.9x خلال 10 جلسات | 🕯️ شمعة انعكاسية صعودية (ذيل سفلي طويل + إغلاق قوي) خلال آخر 3 جلسات | 📊 تقاطع MACD صعودي حديث (زخم إيجابي متجدد)
65,1321,أنابيب الشرق,المواد الأساسية,188.2,-0.4,49.8,44.5,👀 متابعة,9.5,20.0,5.0,10.0,0.0,0.0,📦 تدفق نقدي إيجابي مستمر (CMF≈+0.08) يدل على تجميع | 💧 حجم أيام الصعود أعلى من النزول بنسبة 4.5x خلال 10 جلسات | 🔊 تسارع نشاط التداول: متوسط 5 أيام أعلى من متوسط 20 يوماً بـ2.0x | 🕯️ شمعة انعكاسية صعودية (ذيل سفلي طويل + إغلاق قوي) خلال آخر 3 جلسات | 👀 السهم يقترب من اختراق قمة 20 جلسة
66,7204,توبي,التطبيقات وخدمات التقنية,6.32,5.0,72.9,43.7,👀 متابعة,16.5,12.3,0.0,10.0,5.0,0.0,📦 تدفق نقدي إيجابي مستمر (CMF≈+0.24) يدل على تجميع | 💧 حجم أيام الصعود أعلى من النزول بنسبة 10.7x خلال 10 جلسات | 👀 السهم يقترب من اختراق قمة 20 جلسة | 📐 السعر أعلى من المتوسط المتحرك 50 يوم
67,4009,السعودي الألماني الصحية,الرعاية الصحية,32.54,8.5,77.2,43.7,👀 متابعة,17.0,6.7,5.0,10.0,5.0,0.0,📦 تدفق نقدي إيجابي مستمر (CMF≈+0.18) يدل على تجميع | 📈 مؤشر OBV في صعود مستمر خلال 20 جلسة | 🔊 تسارع نشاط التداول: متوسط 5 أيام أعلى من متوسط 20 يوماً بـ1.3x | 🕯️ شمعة انعكاسية صعودية (ذيل سفلي طويل + إغلاق قوي) خلال آخر 3 جلسات | 👀 السهم يقترب من اختراق قمة 20 جلسة | 📐 السعر أعلى من المتوسط المتحرك 50 يوم
68,3004,أسمنت الشمالية,المواد الأساسية,6.49,0.5,59.6,43.1,👀 متابعة,9.9,13.2,5.0,10.0,5.0,0.0,📈 مؤشر OBV في صعود مستمر خلال 20 جلسة مع تماسك سعري هادئ (تجميع بصمت) | 💧 حجم أيام الصعود أعلى من النزول بنسبة 2.3x خلال 10 جلسات | 🕯️ شمعة انعكاسية صعودية (ذيل سفلي طويل + إغلاق قوي) خلال آخر 3 جلسات | 👀 السهم يقترب من اختراق قمة 20 جلسة | 📐 السعر أعلى من المتوسط المتحرك 50 يوم
69,4006,أسواق المزرعة,تجزئة وتوزيع السلع الاستهلاكية,12.71,3.6,60.6,43.1,👀 متابعة,11.1,12.0,5.0,10.0,5.0,0.0,📈 مؤشر OBV في صعود مستمر خلال 20 جلسة مع تماسك سعري هادئ (تجميع بصمت) | 💧 حجم أيام الصعود أعلى من النزول بنسبة 3.6x خلال 10 جلسات | 🕯️ شمعة انعكاسية صعودية (ذيل سفلي طويل + إغلاق قوي) خلال آخر 3 جلسات | 👀 السهم يقترب من اختراق قمة 20 جلسة | 📐 السعر أعلى من المتوسط المتحرك 50 يوم
70,4163,الدواء,تجزئة وتوزيع السلع الاستهلاكية,41.1,0.7,65.0,43.1,👀 متابعة,14.0,14.1,0.0,10.0,5.0,0.0,📦 تدفق نقدي إيجابي مستمر (CMF≈+0.17) يدل على تجميع | 💧 حجم أيام الصعود أعلى من النزول بنسبة 1.9x خلال 10 جلسات | 👀 السهم يقترب من اختراق قمة 20 جلسة | 📐 السعر أعلى من المتوسط المتحرك 50 يوم
71,6010,نادك,إنتاج الأغذية,14.6,3.6,67.2,42.1,👀 متابعة,6.7,15.4,5.0,10.0,5.0,0.0,💧 حجم أيام الصعود أعلى من النزول بنسبة 7.2x خلال 10 جلسات | 🔊 تسارع نشاط التداول: متوسط 5 أيام أعلى من متوسط 20 يوماً بـ1.2x | 🕯️ شمعة انعكاسية صعودية (ذيل سفلي طويل + إغلاق قوي) خلال آخر 3 جلسات | 👀 السهم يقترب من اختراق قمة 20 جلسة | 📐 السعر أعلى من المتوسط المتحرك 50 يوم
72,1833,الموارد,الخدمات التجارية والمهنية,109.1,3.5,69.3,42.0,👀 متابعة,7.7,19.3,0.0,10.0,5.0,0.0,💧 حجم أيام الصعود أعلى من النزول بنسبة 7.7x خلال 10 جلسات | 🔊 تسارع نشاط التداول: متوسط 5 أيام أعلى من متوسط 20 يوماً بـ1.7x | 👀 السهم يقترب من اختراق قمة 20 جلسة | 📐 السعر أعلى من المتوسط المتحرك 50 يوم
73,1202,مبكو,المواد الأساسية,16.97,6.9,69.4,41.9,👀 متابعة,8.8,13.1,5.0,10.0,5.0,0.0,💧 حجم أيام الصعود أعلى من النزول بنسبة 1.6x خلال 10 جلسات | 🕯️ شمعة انعكاسية صعودية (ذيل سفلي طويل + إغلاق قوي) خلال آخر 3 جلسات | 👀 السهم يقترب من اختراق قمة 20 جلسة | 📐 السعر أعلى من المتوسط المتحرك 50 يوم
74,1832,صدر,الخدمات التجارية والمهنية,2.59,4.0,69.1,41.0,⚠️ تصريف/توزيع,15.7,12.7,5.0,10.0,5.0,7.4,📈 مؤشر OBV في صعود مستمر خلال 20 جلسة | 💧 حجم أيام الصعود أعلى من النزول بنسبة 1.2x خلال 10 جلسات | 🔊 تسارع نشاط التداول: متوسط 5 أيام أعلى من متوسط 20 يوماً بـ1.6x | 🕯️ شمعة انعكاسية صعودية (ذيل سفلي طويل + إغلاق قوي) خلال آخر 3 جلسات | 👀 السهم يقترب من اختراق قمة 20 جلسة | 📐 السعر أعلى من المتوسط المتحرك 50 يوم | ⚠️ تحذير تصريف: تدفق نقدي سلبي (CMF≈-0.09) رغم ارتفاع السعر مؤخراً
75,1303,الصناعات الكهربائية,السلع الرأسمالية,15.01,0.9,63.0,40.4,👀 متابعة,4.2,16.2,5.0,10.0,5.0,0.0,💧 حجم أيام الصعود أعلى من النزول بنسبة 2.9x خلال 10 جلسات | 🔊 تسارع نشاط التداول: متوسط 5 أيام أعلى من متوسط 20 يوماً بـ1.3x | 🕯️ شمعة انعكاسية صعودية (ذيل سفلي طويل + إغلاق قوي) خلال آخر 3 جلسات | 👀 السهم يقترب من اختراق قمة 20 جلسة | 📐 السعر أعلى من المتوسط المتحرك 50 يوم
76,2170,اللجين,المواد الأساسية,27.94,6.2,57.7,40.4,👀 متابعة,7.3,8.1,5.0,10.0,10.0,0.0,🕯️ شمعة انعكاسية صعودية (ذيل سفلي طويل + إغلاق قوي) خلال آخر 3 جلسات | 👀 السهم يقترب من اختراق قمة 20 جلسة | 📐 ترتيب صاعد للمتوسطات: السعر > متوسط 50 > متوسط 100 يوم
77,6004,كاتريون,الخدمات التجارية والمهنية,70.0,-0.8,54.7,40.3,👀 متابعة,14.7,10.6,0.0,15.0,0.0,0.0,📦 تدفق نقدي إيجابي مستمر (CMF≈+0.19) يدل على تجميع | 💧 حجم أيام الصعود أعلى من النزول بنسبة 1.3x خلال 10 جلسات | 🔊 تسارع نشاط التداول: متوسط 5 أيام أعلى من متوسط 20 يوماً بـ1.2x | 👀 السهم يقترب من اختراق قمة 20 جلسة | 📊 تقاطع MACD صعودي حديث (زخم إيجابي متجدد)
78,4040,سابتكو,النقل,11.34,5.3,64.8,40.3,👀 متابعة,12.6,7.8,5.0,10.0,5.0,0.0,📦 تدفق نقدي إيجابي مستمر (CMF≈+0.15) يدل على تجميع | 🕯️ شمعة انعكاسية صعودية (ذيل سفلي طويل + إغلاق قوي) خلال آخر 3 جلسات | 👀 السهم يقترب من اختراق قمة 20 جلسة | 📐 السعر أعلى من المتوسط المتحرك 50 يوم
79,4263,سال,النقل,173.1,1.8,55.3,39.9,👀 متابعة,14.9,20.0,0.0,0.0,5.0,0.0,📦 تدفق نقدي إيجابي مستمر (CMF≈+0.05) يدل على تجميع | 📈 مؤشر OBV في صعود مستمر خلال 20 جلسة مع تماسك سعري هادئ (تجميع بصمت) | 💧 حجم أيام الصعود أعلى من النزول بنسبة 1.9x خلال 10 جلسات | 🔊 تسارع نشاط التداول: متوسط 5 أيام أعلى من متوسط 20 يوماً بـ1.8x | 📐 السعر أعلى من المتوسط المتحرك 50 يوم
80,4013,سليمان الحبيب,الرعاية الصحية,239.5,0.1,65.2,39.9,⚠️ تصريف/توزيع,8.8,12.6,0.0,15.0,10.0,6.5,📈 مؤشر OBV في صعود مستمر خلال 20 جلسة مع تماسك سعري هادئ (تجميع بصمت) | 💧 حجم أيام الصعود أعلى من النزول بنسبة 2.1x خلال 10 جلسات | 👀 السهم يقترب من اختراق قمة 20 جلسة | 📊 تقاطع MACD صعودي حديث (زخم إيجابي متجدد) | 📐 ترتيب صاعد للمتوسطات: السعر > متوسط 50 > متوسط 100 يوم | ⚠️ تحذير تصريف: تدفق نقدي سلبي (CMF≈-0.07) رغم ارتفاع السعر مؤخراً
81,4144,رؤوم,السلع الرأسمالية,74.95,-3.3,51.6,39.7,👀 متابعة,5.7,13.9,5.0,5.0,10.0,0.0,💧 حجم أيام الصعود أعلى من النزول بنسبة 2.8x خلال 10 جلسات | 🕯️ شمعة انعكاسية صعودية (ذيل سفلي طويل + إغلاق قوي) خلال آخر 3 جلسات | 📐 ترتيب صاعد للمتوسطات: السعر > متوسط 50 > متوسط 100 يوم
82,1302,بوان,السلع الرأسمالية,35.62,2.9,59.0,38.8,👀 متابعة,9.9,13.9,0.0,10.0,5.0,0.0,💧 حجم أيام الصعود أعلى من النزول بنسبة 2.9x خلال 10 جلسات | 👀 السهم يقترب من اختراق قمة 20 جلسة | 📐 السعر أعلى من المتوسط المتحرك 50 يوم
83,4143,تالكو,السلع الرأسمالية,33.34,5.5,67.6,38.4,📦 تجميع هادئ,26.8,0.0,0.0,10.0,5.0,3.5,📦 تدفق نقدي إيجابي مستمر (CMF≈+0.14) يدل على تجميع | 📈 مؤشر OBV في صعود مستمر خلال 20 جلسة | 👀 السهم يقترب من اختراق قمة 20 جلسة | 📐 السعر أعلى من المتوسط المتحرك 50 يوم | ⚠️ هيمنة حجم أيام النزول على الصعود (نسبة 0.6x) - ضغط بيعي
84,1820,بان,الخدمات الاستهلاكية,2.09,4.0,60.6,37.3,👀 متابعة,3.6,13.7,5.0,10.0,5.0,0.0,💧 حجم أيام الصعود أعلى من النزول بنسبة 1.5x خلال 10 جلسات | 🔊 تسارع نشاط التداول: متوسط 5 أيام أعلى من متوسط 20 يوماً بـ1.4x | 🕯️ شمعة انعكاسية صعودية (ذيل سفلي طويل + إغلاق قوي) خلال آخر 3 جلسات | 👀 السهم يقترب من اختراق قمة 20 جلسة | 📐 السعر أعلى من المتوسط المتحرك 50 يوم
85,3002,أسمنت نجران,المواد الأساسية,5.55,1.1,52.2,36.9,👀 متابعة,9.9,11.9,5.0,10.0,0.0,0.0,📦 تدفق نقدي إيجابي مستمر (CMF≈+0.09) يدل على تجميع | 💧 حجم أيام الصعود أعلى من النزول بنسبة 1.6x خلال 10 جلسات | 🕯️ شمعة انعكاسية صعودية (ذيل سفلي طويل + إغلاق قوي) خلال آخر 3 جلسات | 👀 السهم يقترب من اختراق قمة 20 جلسة
86,1831,مهارة,الخدمات التجارية والمهنية,5.36,0.8,60.2,36.7,👀 متابعة,7.8,13.9,0.0,10.0,5.0,0.0,💧 حجم أيام الصعود أعلى من النزول بنسبة 3.2x خلال 10 جلسات | 👀 السهم يقترب من اختراق قمة 20 جلسة | 📐 السعر أعلى من المتوسط المتحرك 50 يوم
87,2180,فيبكو,المواد الأساسية,33.7,5.4,69.3,36.5,👀 متابعة,9.2,7.2,0.0,10.0,10.0,0.0,📈 مؤشر OBV في صعود مستمر خلال 20 جلسة | 💧 حجم أيام الصعود أعلى من النزول بنسبة 1.3x خلال 10 جلسات | 👀 السهم يقترب من اختراق قمة 20 جلسة | 📐 ترتيب صاعد للمتوسطات: السعر > متوسط 50 > متوسط 100 يوم
88,6015,أمريكانا للمطاعم,الخدمات الاستهلاكية,2.31,2.7,68.8,36.3,👀 متابعة,12.0,1.2,5.0,10.0,10.0,1.9,📦 تدفق نقدي إيجابي مستمر (CMF≈+0.14) يدل على تجميع | 🕯️ شمعة انعكاسية صعودية (ذيل سفلي طويل + إغلاق قوي) خلال آخر 3 جلسات | 👀 السهم يقترب من اختراق قمة 20 جلسة | 📐 ترتيب صاعد للمتوسطات: السعر > متوسط 50 > متوسط 100 يوم | ⚠️ هيمنة حجم أيام النزول على الصعود (نسبة 0.6x) - ضغط بيعي
89,3060,أسمنت ينبع,المواد الأساسية,14.99,0.4,50.1,36.2,👀 متابعة,5.6,15.6,5.0,10.0,0.0,0.0,💧 حجم أيام الصعود أعلى من النزول بنسبة 1.5x خلال 10 جلسات | 🔊 تسارع نشاط التداول: متوسط 5 أيام أعلى من متوسط 20 يوماً بـ1.6x | 🕯️ شمعة انعكاسية صعودية (ذيل سفلي طويل + إغلاق قوي) خلال آخر 3 جلسات | 👀 السهم يقترب من اختراق قمة 20 جلسة
90,4193,نايس ون,تجزئة السلع الكمالية,11.66,6.0,60.1,35.9,👀 متابعة,5.7,13.2,5.0,12.0,0.0,0.0,💧 حجم أيام الصعود أعلى من النزول بنسبة 2.2x خلال 10 جلسات | 🕯️ شمعة انعكاسية صعودية (ذيل سفلي طويل + إغلاق قوي) خلال آخر 3 جلسات | 🚀 اختراق فني: إغلاق فوق أعلى قمة لـ20 جلسة بحجم 0.7x المتوسط
91,4300,دار الأركان,إدارة وتطوير العقارات,19.27,3.5,59.4,35.5,👀 متابعة,9.1,6.3,0.0,10.0,10.0,0.0,📦 تدفق نقدي إيجابي مستمر (CMF≈+0.06) يدل على تجميع | 🔊 تسارع نشاط التداول: متوسط 5 أيام أعلى من متوسط 20 يوماً بـ1.3x | 👀 السهم يقترب من اختراق قمة 20 جلسة | 📐 ترتيب صاعد للمتوسطات: السعر > متوسط 50 > متوسط 100 يوم
92,4320,الأندلس,إدارة وتطوير العقارات,15.35,4.1,65.4,35.2,⚠️ تصريف/توزيع,5.8,17.1,0.0,10.0,10.0,7.6,📈 مؤشر OBV في صعود مستمر خلال 20 جلسة | 💧 حجم أيام الصعود أعلى من النزول بنسبة 6.4x خلال 10 جلسات | 🔊 تسارع نشاط التداول: متوسط 5 أيام أعلى من متوسط 20 يوماً بـ1.4x | 👀 السهم يقترب من اختراق قمة 20 جلسة | 📐 ترتيب صاعد للمتوسطات: السعر > متوسط 50 > متوسط 100 يوم | ⚠️ تحذير تصريف: تدفق نقدي سلبي (CMF≈-0.09) رغم ارتفاع السعر مؤخراً
93,2223,لوبريف,المواد الأساسية,126.6,-1.3,47.0,35.1,👀 متابعة,10.4,9.6,5.0,10.0,0.0,0.0,📦 تدفق نقدي إيجابي مستمر (CMF≈+0.11) يدل على تجميع | 💧 حجم أيام الصعود أعلى من النزول بنسبة 1.5x خلال 10 جلسات | 🕯️ شمعة انعكاسية صعودية (ذيل سفلي طويل + إغلاق قوي) خلال آخر 3 جلسات | 📊 تقاطع MACD صعودي حديث (زخم إيجابي متجدد)
94,4141,العمران,السلع الرأسمالية,20.35,1.7,56.2,34.9,👀 متابعة,12.7,7.4,0.0,10.0,5.0,0.2,📦 تدفق نقدي إيجابي مستمر (CMF≈+0.14) يدل على تجميع | 🔊 تسارع نشاط التداول: متوسط 5 أيام أعلى من متوسط 20 يوماً بـ1.6x | 👀 السهم يقترب من اختراق قمة 20 جلسة | 📐 السعر أعلى من المتوسط المتحرك 50 يوم | ⚠️ هيمنة حجم أيام النزول على الصعود (نسبة 0.7x) - ضغط بيعي
95,7030,زين السعودية,الاتصالات,10.35,1.7,64.5,34.6,⚠️ تصريف/توزيع,3.5,17.9,0.0,10.0,10.0,6.9,💧 حجم أيام الصعود أعلى من النزول بنسبة 3.2x خلال 10 جلسات | 🔊 تسارع نشاط التداول: متوسط 5 أيام أعلى من متوسط 20 يوماً بـ1.5x | 👀 السهم يقترب من اختراق قمة 20 جلسة | 📐 ترتيب صاعد للمتوسطات: السعر > متوسط 50 > متوسط 100 يوم | ⚠️ تحذير تصريف: تدفق نقدي سلبي (CMF≈-0.08) رغم ارتفاع السعر مؤخراً
96,4083,تسهيل,الخدمات المالية,29.94,3.7,58.2,34.2,👀 متابعة,11.7,7.5,5.0,5.0,5.0,0.0,📦 تدفق نقدي إيجابي مستمر (CMF≈+0.11) يدل على تجميع | 🔊 تسارع نشاط التداول: متوسط 5 أيام أعلى من متوسط 20 يوماً بـ1.5x | 🕯️ شمعة انعكاسية صعودية (ذيل سفلي طويل + إغلاق قوي) خلال آخر 3 جلسات | 📐 السعر أعلى من المتوسط المتحرك 50 يوم
97,4324,بنان,إدارة وتطوير العقارات,3.05,3.7,60.4,34.2,👀 متابعة,7.2,12.0,0.0,10.0,5.0,0.0,💧 حجم أيام الصعود أعلى من النزول بنسبة 2.5x خلال 10 جلسات | 👀 السهم يقترب من اختراق قمة 20 جلسة | 📐 السعر أعلى من المتوسط المتحرك 50 يوم
98,2381,الحفر العربية,الطاقة,82.95,1.3,49.3,33.4,👀 متابعة,10.0,13.4,0.0,10.0,0.0,0.0,💧 حجم أيام الصعود أعلى من النزول بنسبة 1.6x خلال 10 جلسات | 👀 السهم يقترب من اختراق قمة 20 جلسة
99,3007,الواحة,المواد الأساسية,2.83,1.4,55.4,32.4,👀 متابعة,3.3,14.4,0.0,10.0,10.0,5.4,💧 حجم أيام الصعود أعلى من النزول بنسبة 2.7x خلال 10 جلسات | 👀 السهم يقترب من اختراق قمة 20 جلسة | 📐 ترتيب صاعد للمتوسطات: السعر > متوسط 50 > متوسط 100 يوم | ⚠️ تحذير تصريف: تدفق نقدي سلبي (CMF≈-0.06) رغم ارتفاع السعر مؤخراً
100,7040,قو للاتصالات,الاتصالات,86.15,1.7,60.3,32.3,👀 متابعة,5.8,6.5,5.0,10.0,5.0,0.0,🔊 تسارع نشاط التداول: متوسط 5 أيام أعلى من متوسط 20 يوماً بـ1.4x | 🕯️ شمعة انعكاسية صعودية (ذيل سفلي طويل + إغلاق قوي) خلال آخر 3 جلسات | 👀 السهم يقترب من اختراق قمة 20 جلسة | 📐 السعر أعلى من المتوسط المتحرك 50 يوم
101,1212,أسترا الصناعية,السلع الرأسمالية,127.6,1.8,61.1,32.1,⚠️ تصريف/توزيع,0.9,20.0,0.0,17.1,5.0,11.0,💧 حجم أيام الصعود أعلى من النزول بنسبة 2.5x خلال 10 جلسات | 🔊 تسارع نشاط التداول: متوسط 5 أيام أعلى من متوسط 20 يوماً بـ2.1x | 🚀 اختراق فني: إغلاق فوق أعلى قمة لـ20 جلسة بحجم 1.6x المتوسط | 📐 السعر أعلى من المتوسط المتحرك 50 يوم | ⚠️ تحذير تصريف: تدفق نقدي سلبي (CMF≈-0.14) رغم ارتفاع السعر مؤخراً
102,6012,ريدان,الخدمات الاستهلاكية,14.87,5.8,60.4,32.0,📦 تجميع هادئ,21.4,5.6,0.0,0.0,5.0,0.0,📦 تدفق نقدي إيجابي مستمر (CMF≈+0.05) يدل على تجميع | 📈 مؤشر OBV في صعود مستمر خلال 20 جلسة | 📐 السعر أعلى من المتوسط المتحرك 50 يوم
103,6040,تبوك الزراعية,إنتاج الأغذية,9.45,2.7,48.6,31.3,👀 متابعة,14.6,2.6,5.0,0.0,10.0,1.0,📦 تدفق نقدي إيجابي مستمر (CMF≈+0.19) يدل على تجميع | 🕯️ شمعة انعكاسية صعودية (ذيل سفلي طويل + إغلاق قوي) خلال آخر 3 جلسات | 📐 ترتيب صاعد للمتوسطات: السعر > متوسط 50 > متوسط 100 يوم | ⚠️ هيمنة حجم أيام النزول على الصعود (نسبة 0.7x) - ضغط بيعي
104,2300,صناعة الورق,المواد الأساسية,69.0,6.2,63.0,30.7,👀 متابعة,12.4,3.2,5.0,0.0,10.0,0.0,📦 تدفق نقدي إيجابي مستمر (CMF≈+0.11) يدل على تجميع | 🕯️ شمعة انعكاسية صعودية (ذيل سفلي طويل + إغلاق قوي) خلال آخر 3 جلسات | 📐 ترتيب صاعد للمتوسطات: السعر > متوسط 50 > متوسط 100 يوم
105,2382,أديس,الطاقة,17.83,5.4,66.7,30.1,⚠️ تصريف/توزيع,1.0,17.9,5.0,10.0,5.0,8.8,💧 حجم أيام الصعود أعلى من النزول بنسبة 3.4x خلال 10 جلسات | 🔊 تسارع نشاط التداول: متوسط 5 أيام أعلى من متوسط 20 يوماً بـ1.5x | 🕯️ شمعة انعكاسية صعودية (ذيل سفلي طويل + إغلاق قوي) خلال آخر 3 جلسات | 👀 السهم يقترب من اختراق قمة 20 جلسة | 📐 السعر أعلى من المتوسط المتحرك 50 يوم | ⚠️ تحذير تصريف: تدفق نقدي سلبي (CMF≈-0.11) رغم ارتفاع السعر مؤخراً
106,4002,المواساة,الرعاية الصحية,63.05,3.9,63.0,30.0,👀 متابعة,15.4,5.9,0.0,5.0,5.0,1.4,📦 تدفق نقدي إيجابي مستمر (CMF≈+0.13) يدل على تجميع | 🔊 تسارع نشاط التداول: متوسط 5 أيام أعلى من متوسط 20 يوماً بـ1.5x | 📐 السعر أعلى من المتوسط المتحرك 50 يوم | ⚠️ هيمنة حجم أيام النزول على الصعود (نسبة 0.6x) - ضغط بيعي
107,2240,الزامل للصناعة,المواد الأساسية,27.9,3.6,54.7,29.6,👀 متابعة,4.2,15.4,5.0,5.0,0.0,0.0,💧 حجم أيام الصعود أعلى من النزول بنسبة 1.3x خلال 10 جلسات | 🔊 تسارع نشاط التداول: متوسط 5 أيام أعلى من متوسط 20 يوماً بـ2.1x | 🕯️ شمعة انعكاسية صعودية (ذيل سفلي طويل + إغلاق قوي) خلال آخر 3 جلسات
108,4031,الخدمات الأرضية,النقل,27.58,0.8,56.2,29.0,👀 متابعة,7.7,6.2,0.0,10.0,5.0,0.0,👀 السهم يقترب من اختراق قمة 20 جلسة | 📐 السعر أعلى من المتوسط المتحرك 50 يوم
109,4290,الخليج للتدريب,الخدمات الاستهلاكية,14.02,5.4,70.8,28.9,⚠️ تصريف/توزيع,7.3,17.5,0.0,10.0,5.0,10.9,📈 مؤشر OBV في صعود مستمر خلال 20 جلسة | 💧 حجم أيام الصعود أعلى من النزول بنسبة 5.2x خلال 10 جلسات | 🔊 تسارع نشاط التداول: متوسط 5 أيام أعلى من متوسط 20 يوماً بـ1.5x | 👀 السهم يقترب من اختراق قمة 20 جلسة | 📐 السعر أعلى من المتوسط المتحرك 50 يوم | ⚠️ تحذير تصريف: تدفق نقدي سلبي (CMF≈-0.14) رغم ارتفاع السعر مؤخراً
110,1323,يو سي آي سي,المواد الأساسية,27.9,4.3,59.5,28.8,👀 متابعة,11.8,2.0,0.0,5.0,10.0,0.0,📦 تدفق نقدي إيجابي مستمر (CMF≈+0.08) يدل على تجميع | 👀 السهم يقترب من اختراق قمة 20 جلسة | 📐 ترتيب صاعد للمتوسطات: السعر > متوسط 50 > متوسط 100 يوم
111,1183,سهل,الخدمات المالية,14.69,2.9,53.1,28.3,👀 متابعة,11.4,1.8,5.0,5.0,5.0,0.0,📈 مؤشر OBV في صعود مستمر خلال 20 جلسة مع تماسك سعري هادئ (تجميع بصمت) | 🕯️ شمعة انعكاسية صعودية (ذيل سفلي طويل + إغلاق قوي) خلال آخر 3 جلسات | 📐 السعر أعلى من المتوسط المتحرك 50 يوم
112,2081,الخريف,المرافق العامة,100.6,0.6,41.8,28.0,👀 متابعة,9.1,4.1,5.5,10.0,0.0,0.7,🔊 تسارع نشاط التداول: متوسط 5 أيام أعلى من متوسط 20 يوماً بـ1.2x | 🕯️ شمعة انعكاسية صعودية (ذيل سفلي طويل + إغلاق قوي) خلال آخر 3 جلسات | 👀 السهم يقترب من اختراق قمة 20 جلسة | ⚠️ هيمنة حجم أيام النزول على الصعود (نسبة 0.7x) - ضغط بيعي
113,4165,الماجد,المنتجات المنزلية والشخصية,122.1,3.7,59.1,27.8,👀 متابعة,4.3,3.5,5.0,10.0,5.0,0.0,🕯️ شمعة انعكاسية صعودية (ذيل سفلي طويل + إغلاق قوي) خلال آخر 3 جلسات | 👀 السهم يقترب من اختراق قمة 20 جلسة | 📐 السعر أعلى من المتوسط المتحرك 50 يوم
114,4050,ساسكو,تجزئة السلع الكمالية,39.68,2.9,65.1,27.5,⚠️ تصريف/توزيع,2.2,13.8,5.0,10.0,5.0,8.6,💧 حجم أيام الصعود أعلى من النزول بنسبة 4.9x خلال 10 جلسات | 🕯️ شمعة انعكاسية صعودية (ذيل سفلي طويل + إغلاق قوي) خلال آخر 3 جلسات | 👀 السهم يقترب من اختراق قمة 20 جلسة | 📐 السعر أعلى من المتوسط المتحرك 50 يوم | ⚠️ تحذير تصريف: تدفق نقدي سلبي (CMF≈-0.10) رغم ارتفاع السعر مؤخراً
115,2020,سابك للمغذيات الزراعية,المواد الأساسية,119.4,-1.7,46.0,27.3,👀 متابعة,9.6,12.7,5.0,0.0,0.0,0.0,📦 تدفق نقدي إيجابي مستمر (CMF≈+0.07) يدل على تجميع | 🔊 تسارع نشاط التداول: متوسط 5 أيام أعلى من متوسط 20 يوماً بـ1.7x | 🕯️ شمعة انعكاسية صعودية (ذيل سفلي طويل + إغلاق قوي) خلال آخر 3 جلسات
116,2250,المجموعة السعودية,المواد الأساسية,12.23,-2.4,45.9,27.2,👀 متابعة,7.3,9.9,5.0,5.0,0.0,0.0,💧 حجم أيام الصعود أعلى من النزول بنسبة 1.6x خلال 10 جلسات | 🕯️ شمعة انعكاسية صعودية (ذيل سفلي طويل + إغلاق قوي) خلال آخر 3 جلسات
117,4322,رتال,إدارة وتطوير العقارات,11.09,4.1,61.7,26.7,👀 متابعة,5.3,6.4,0.0,10.0,5.0,0.0,👀 السهم يقترب من اختراق قمة 20 جلسة | 📐 السعر أعلى من المتوسط المتحرك 50 يوم
118,4170,شمس,الخدمات الاستهلاكية,15.15,0.4,50.8,26.3,👀 متابعة,2.6,8.7,5.0,10.0,0.0,0.0,🔊 تسارع نشاط التداول: متوسط 5 أيام أعلى من متوسط 20 يوماً بـ1.6x | 🕯️ شمعة انعكاسية صعودية (ذيل سفلي طويل + إغلاق قوي) خلال آخر 3 جلسات | 👀 السهم يقترب من اختراق قمة 20 جلسة
119,2230,الكيميائية,الرعاية الصحية,8.16,0.6,52.0,25.8,👀 متابعة,5.6,10.2,0.0,10.0,0.0,0.0,💧 حجم أيام الصعود أعلى من النزول بنسبة 1.4x خلال 10 جلسات | 👀 السهم يقترب من اختراق قمة 20 جلسة
120,2100,وفرة,إنتاج الأغذية,21.39,3.3,60.3,25.8,⚠️ تصريف/توزيع,1.1,15.3,5.0,10.0,5.0,10.5,💧 حجم أيام الصعود أعلى من النزول بنسبة 2.0x خلال 10 جلسات | 🔊 تسارع نشاط التداول: متوسط 5 أيام أعلى من متوسط 20 يوماً بـ1.2x | 🕯️ شمعة انعكاسية صعودية (ذيل سفلي طويل + إغلاق قوي) خلال آخر 3 جلسات | 👀 السهم يقترب من اختراق قمة 20 جلسة | 📐 السعر أعلى من المتوسط المتحرك 50 يوم | ⚠️ تحذير تصريف: تدفق نقدي سلبي (CMF≈-0.13) رغم ارتفاع السعر مؤخراً
121,2070,الدوائية,الأدوية,31.4,4.4,57.3,25.7,👀 متابعة,5.6,0.7,5.0,5.0,10.0,0.7,🕯️ شمعة انعكاسية صعودية (ذيل سفلي طويل + إغلاق قوي) خلال آخر 3 جلسات | 👀 السهم يقترب من اختراق قمة 20 جلسة | 📐 ترتيب صاعد للمتوسطات: السعر > متوسط 50 > متوسط 100 يوم | ⚠️ هيمنة حجم أيام النزول على الصعود (نسبة 0.7x) - ضغط بيعي
122,2287,إنتاج,إنتاج الأغذية,23.56,2.0,44.7,25.5,👀 متابعة,8.4,12.0,0.1,5.0,0.0,0.0,💧 حجم أيام الصعود أعلى من النزول بنسبة 2.6x خلال 10 جلسات
123,4051,باعظيم,تجزئة السلع الكمالية,5.6,3.7,58.9,25.0,⚠️ تصريف/توزيع,15.0,0.0,5.0,10.0,5.0,10.0,📦 تدفق نقدي إيجابي مستمر (CMF≈+0.39) يدل على تجميع | 🕯️ شمعة انعكاسية صعودية (ذيل سفلي طويل + إغلاق قوي) خلال آخر 3 جلسات | 👀 السهم يقترب من اختراق قمة 20 جلسة | 📐 السعر أعلى من المتوسط المتحرك 50 يوم | ⚠️ هيمنة حجم أيام النزول على الصعود (نسبة 0.3x) - ضغط بيعي
124,2110,الكابلات السعودية,السلع الرأسمالية,160.9,0.4,53.6,25.0,👀 متابعة,1.8,14.1,0.0,10.0,5.0,6.0,💧 حجم أيام الصعود أعلى من النزول بنسبة 1.9x خلال 10 جلسات | 📊 تقاطع MACD صعودي حديث (زخم إيجابي متجدد) | 📐 السعر أعلى من المتوسط المتحرك 50 يوم | ⚠️ تحذير تصريف: تدفق نقدي سلبي (CMF≈-0.06) رغم ارتفاع السعر مؤخراً
125,2360,الفخارية,المواد الأساسية,18.26,8.6,64.6,24.8,👀 متابعة,15.9,1.9,0.0,5.0,5.0,3.0,📦 تدفق نقدي إيجابي مستمر (CMF≈+0.28) يدل على تجميع | 📐 السعر أعلى من المتوسط المتحرك 50 يوم | ⚠️ هيمنة حجم أيام النزول على الصعود (نسبة 0.6x) - ضغط بيعي
126,2030,المصافي,الطاقة,48.8,4.5,63.6,24.6,👀 متابعة,3.9,5.7,0.0,10.0,5.0,0.0,👀 السهم يقترب من اختراق قمة 20 جلسة | 📐 السعر أعلى من المتوسط المتحرك 50 يوم
127,2283,المطاحن الأولى,إنتاج الأغذية,52.45,5.8,66.3,24.2,👀 متابعة,9.3,0.0,5.0,10.0,5.0,5.2,🕯️ شمعة انعكاسية صعودية (ذيل سفلي طويل + إغلاق قوي) خلال آخر 3 جلسات | 👀 السهم يقترب من اختراق قمة 20 جلسة | 📐 السعر أعلى من المتوسط المتحرك 50 يوم | ⚠️ هيمنة حجم أيام النزول على الصعود (نسبة 0.5x) - ضغط بيعي
128,1810,سيرا,الخدمات الاستهلاكية,20.54,0.3,51.4,23.7,👀 متابعة,7.2,1.8,5.0,10.0,0.0,0.4,🕯️ شمعة انعكاسية صعودية (ذيل سفلي طويل + إغلاق قوي) خلال آخر 3 جلسات | 👀 السهم يقترب من اختراق قمة 20 جلسة | ⚠️ هيمنة حجم أيام النزول على الصعود (نسبة 0.7x) - ضغط بيعي
129,6090,جازادكو,إنتاج الأغذية,8.52,5.7,71.6,23.4,👀 متابعة,8.6,1.9,0.0,10.0,5.0,2.1,📦 تدفق نقدي إيجابي مستمر (CMF≈+0.07) يدل على تجميع | 👀 السهم يقترب من اختراق قمة 20 جلسة | 📐 السعر أعلى من المتوسط المتحرك 50 يوم | ⚠️ هيمنة حجم أيام النزول على الصعود (نسبة 0.6x) - ضغط بيعي
130,2160,أميانتيت,السلع الرأسمالية,12.62,5.5,69.5,23.0,⚠️ تصريف/توزيع,1.9,20.0,0.0,5.0,5.0,8.9,💧 حجم أيام الصعود أعلى من النزول بنسبة 7.0x خلال 10 جلسات | 🔊 تسارع نشاط التداول: متوسط 5 أيام أعلى من متوسط 20 يوماً بـ1.9x | 📐 السعر أعلى من المتوسط المتحرك 50 يوم | ⚠️ تحذير تصريف: تدفق نقدي سلبي (CMF≈-0.11) رغم ارتفاع السعر مؤخراً
131,4230,البحر الأحمر,إدارة وتطوير العقارات,24.15,6.1,60.3,22.6,⚠️ تصريف/توزيع,2.0,12.2,5.0,10.0,5.0,11.5,💧 حجم أيام الصعود أعلى من النزول بنسبة 3.3x خلال 10 جلسات | 🕯️ شمعة انعكاسية صعودية (ذيل سفلي طويل + إغلاق قوي) خلال آخر 3 جلسات | 👀 السهم يقترب من اختراق قمة 20 جلسة | 📐 السعر أعلى من المتوسط المتحرك 50 يوم | ⚠️ تحذير تصريف: تدفق نقدي سلبي (CMF≈-0.15) رغم ارتفاع السعر مؤخراً
132,1320,أنابيب السعودية,المواد الأساسية,47.74,-1.2,53.4,22.5,👀 متابعة,5.4,12.1,0.0,5.0,0.0,0.0,🔊 تسارع نشاط التداول: متوسط 5 أيام أعلى من متوسط 20 يوماً بـ1.6x
133,3080,أسمنت الشرقية,المواد الأساسية,25.1,-1.3,38.7,22.4,👀 متابعة,16.1,3.8,2.5,0.0,0.0,0.0,📈 مؤشر OBV في صعود مستمر خلال 20 جلسة مع تماسك سعري هادئ (تجميع بصمت) | 🔄 ارتداد من تشبع بيع: RSI عند 39 ويتجه للصعود
134,2120,متطورة,الخدمات المالية,15.94,6.2,70.0,22.0,⚠️ تصريف/توزيع,2.1,20.0,0.0,5.0,5.0,10.1,💧 حجم أيام الصعود أعلى من النزول بنسبة 4.6x خلال 10 جلسات | 🔊 تسارع نشاط التداول: متوسط 5 أيام أعلى من متوسط 20 يوماً بـ2.2x | 📐 السعر أعلى من المتوسط المتحرك 50 يوم | ⚠️ تحذير تصريف: تدفق نقدي سلبي (CMF≈-0.13) رغم ارتفاع السعر مؤخراً
135,4348,الخبير ريت,الصناديق العقارية المتداولة,5.73,0.4,50.5,22.0,👀 متابعة,0.3,1.6,5.0,5.0,10.0,0.0,🕯️ شمعة انعكاسية صعودية (ذيل سفلي طويل + إغلاق قوي) خلال آخر 3 جلسات | 👀 السهم يقترب من اختراق قمة 20 جلسة | 📐 ترتيب صاعد للمتوسطات: السعر > متوسط 50 > متوسط 100 يوم
136,2370,مسك,السلع الرأسمالية,31.84,5.9,61.0,21.8,👀 متابعة,4.3,7.4,0.0,5.0,5.0,0.0,📐 السعر أعلى من المتوسط المتحرك 50 يوم
137,4004,دله الصحية,الرعاية الصحية,106.4,1.9,43.9,21.7,⚠️ تصريف/توزيع,16.7,8.0,5.2,0.0,0.0,8.2,📦 تدفق نقدي إيجابي مستمر (CMF≈+0.42) يدل على تجميع | 🔊 تسارع نشاط التداول: متوسط 5 أيام أعلى من متوسط 20 يوماً بـ2.1x | 🕯️ شمعة انعكاسية صعودية (ذيل سفلي طويل + إغلاق قوي) خلال آخر 3 جلسات | ⚠️ هيمنة حجم أيام النزول على الصعود (نسبة 0.4x) - ضغط بيعي
138,2290,ينساب,المواد الأساسية,31.2,2.9,55.9,20.7,⚠️ تصريف/توزيع,0.9,7.6,0.0,10.0,10.0,7.9,👀 السهم يقترب من اختراق قمة 20 جلسة | 📐 ترتيب صاعد للمتوسطات: السعر > متوسط 50 > متوسط 100 يوم | ⚠️ تحذير تصريف: تدفق نقدي سلبي (CMF≈-0.09) رغم ارتفاع السعر مؤخراً
139,4261,ذيب,النقل,22.4,2.4,50.8,19.7,👀 متابعة,0.0,5.9,0.0,10.0,5.0,1.2,🔊 تسارع نشاط التداول: متوسط 5 أيام أعلى من متوسط 20 يوماً بـ1.5x | 👀 السهم يقترب من اختراق قمة 20 جلسة | 📐 السعر أعلى من المتوسط المتحرك 50 يوم | ⚠️ هيمنة حجم أيام النزول على الصعود (نسبة 0.7x) - ضغط بيعي
140,1210,بي سي آي,المواد الأساسية,23.3,2.4,63.3,19.6,⚠️ تصريف/توزيع,0.0,16.3,0.0,10.0,5.0,11.7,💧 حجم أيام الصعود أعلى من النزول بنسبة 2.6x خلال 10 جلسات | 🔊 تسارع نشاط التداول: متوسط 5 أيام أعلى من متوسط 20 يوماً بـ1.3x | 👀 السهم يقترب من اختراق قمة 20 جلسة | 📐 السعر أعلى من المتوسط المتحرك 50 يوم | ⚠️ تحذير تصريف: تدفق نقدي سلبي (CMF≈-0.15) رغم ارتفاع السعر مؤخراً
141,2084,مياهنا,المرافق العامة,12.7,2.9,56.6,19.0,⚠️ تصريف/توزيع,0.1,12.2,5.0,5.0,5.0,8.3,💧 حجم أيام الصعود أعلى من النزول بنسبة 1.7x خلال 10 جلسات | 🕯️ شمعة انعكاسية صعودية (ذيل سفلي طويل + إغلاق قوي) خلال آخر 3 جلسات | 📐 السعر أعلى من المتوسط المتحرك 50 يوم | ⚠️ تحذير تصريف: تدفق نقدي سلبي (CMF≈-0.10) رغم ارتفاع السعر مؤخراً
142,7211,عزم,التطبيقات وخدمات التقنية,22.39,6.1,66.3,18.6,⚠️ تصريف/توزيع,1.8,6.8,5.0,10.0,10.0,15.0,💧 حجم أيام الصعود أعلى من النزول بنسبة 1.3x خلال 10 جلسات | 🕯️ شمعة انعكاسية صعودية (ذيل سفلي طويل + إغلاق قوي) خلال آخر 3 جلسات | 👀 السهم يقترب من اختراق قمة 20 جلسة | 📐 ترتيب صاعد للمتوسطات: السعر > متوسط 50 > متوسط 100 يوم | ⚠️ تحذير تصريف: تدفق نقدي سلبي (CMF≈-0.38) رغم ارتفاع السعر مؤخراً
143,4262,لومي,النقل,28.5,0.4,46.6,18.3,👀 متابعة,5.2,1.4,5.0,10.0,0.0,3.3,🕯️ شمعة انعكاسية صعودية (ذيل سفلي طويل + إغلاق قوي) خلال آخر 3 جلسات | 👀 السهم يقترب من اختراق قمة 20 جلسة | ⚠️ هيمنة حجم أيام النزول على الصعود (نسبة 0.6x) - ضغط بيعي
144,4160,ثمار,تجزئة وتوزيع السلع الاستهلاكية,34.22,5.6,55.4,17.9,⚠️ تصريف/توزيع,2.7,12.0,0.0,5.0,5.0,6.8,💧 حجم أيام الصعود أعلى من النزول بنسبة 2.5x خلال 10 جلسات | 📐 السعر أعلى من المتوسط المتحرك 50 يوم | ⚠️ تحذير تصريف: تدفق نقدي سلبي (CMF≈-0.08) رغم ارتفاع السعر مؤخراً
145,2050,مجموعة صافولا,إنتاج الأغذية,26.32,-0.1,54.4,17.9,⚠️ تصريف/توزيع,2.1,5.5,5.0,10.0,5.0,9.7,🔊 تسارع نشاط التداول: متوسط 5 أيام أعلى من متوسط 20 يوماً بـ1.5x | 🕯️ شمعة انعكاسية صعودية (ذيل سفلي طويل + إغلاق قوي) خلال آخر 3 جلسات | 👀 السهم يقترب من اختراق قمة 20 جلسة | 📐 السعر أعلى من المتوسط المتحرك 50 يوم | ⚠️ تحذير تصريف: تدفق نقدي سلبي (CMF≈-0.06) رغم ارتفاع السعر مؤخراً | ⚠️ هيمنة حجم أيام النزول على الصعود (نسبة 0.5x) - ضغط بيعي
146,3030,أسمنت السعودية,المواد الأساسية,28.34,-1.3,36.6,17.8,👀 متابعة,5.5,5.9,6.3,5.0,0.0,4.9,🔊 تسارع نشاط التداول: متوسط 5 أيام أعلى من متوسط 20 يوماً بـ1.5x | 🕯️ شمعة انعكاسية صعودية (ذيل سفلي طويل + إغلاق قوي) خلال آخر 3 جلسات | ⚠️ هيمنة حجم أيام النزول على الصعود (نسبة 0.5x) - ضغط بيعي
147,4017,فقيه الطبية,الرعاية الصحية,35.0,2.2,50.7,17.7,👀 متابعة,5.5,7.2,0.0,0.0,5.0,0.0,📈 مؤشر OBV في صعود مستمر خلال 20 جلسة مع تماسك سعري هادئ (تجميع بصمت) | 🔊 تسارع نشاط التداول: متوسط 5 أيام أعلى من متوسط 20 يوماً بـ1.3x | 📐 السعر أعلى من المتوسط المتحرك 50 يوم
148,4342,جدوى ريت السعودية,الصناديق العقارية المتداولة,10.18,-0.2,40.2,17.1,👀 متابعة,0.0,5.1,1.9,10.0,0.0,0.0,👀 السهم يقترب من اختراق قمة 20 جلسة
149,3092,أسمنت الرياض,المواد الأساسية,21.94,-0.1,55.9,17.1,⚠️ تصريف/توزيع,0.0,12.0,5.0,10.0,0.0,9.9,💧 حجم أيام الصعود أعلى من النزول بنسبة 2.1x خلال 10 جلسات | 🕯️ شمعة انعكاسية صعودية (ذيل سفلي طويل + إغلاق قوي) خلال آخر 3 جلسات | 👀 السهم يقترب من اختراق قمة 20 جلسة | ⚠️ تحذير تصريف: تدفق نقدي سلبي (CMF≈-0.12) رغم ارتفاع السعر مؤخراً
150,3005,أسمنت أم القرى,المواد الأساسية,13.34,-0.4,47.1,17.0,👀 متابعة,5.1,1.9,0.0,10.0,0.0,0.0,👀 السهم يقترب من اختراق قمة 20 جلسة
151,2080,الغاز,المرافق العامة,64.4,-0.6,51.3,16.7,⚠️ تصريف/توزيع,0.4,9.0,5.0,10.0,0.0,7.7,🔊 تسارع نشاط التداول: متوسط 5 أيام أعلى من متوسط 20 يوماً بـ1.9x | 🕯️ شمعة انعكاسية صعودية (ذيل سفلي طويل + إغلاق قوي) خلال آخر 3 جلسات | 👀 السهم يقترب من اختراق قمة 20 جلسة | ⚠️ تحذير تصريف: تدفق نقدي سلبي (CMF≈-0.09) رغم ارتفاع السعر مؤخراً
152,6001,حلواني إخوان,إنتاج الأغذية,31.34,1.2,57.5,16.6,⚠️ تصريف/توزيع,1.4,15.2,0.0,10.0,5.0,15.0,💧 حجم أيام الصعود أعلى من النزول بنسبة 1.6x خلال 10 جلسات | 🔊 تسارع نشاط التداول: متوسط 5 أيام أعلى من متوسط 20 يوماً بـ1.5x | 👀 السهم يقترب من اختراق قمة 20 جلسة | 📐 السعر أعلى من المتوسط المتحرك 50 يوم | ⚠️ تحذير تصريف: تدفق نقدي سلبي (CMF≈-0.22) رغم ارتفاع السعر مؤخراً
153,6020,جاكو,إنتاج الأغذية,12.38,2.8,59.7,16.3,⚠️ تصريف/توزيع,0.8,15.5,0.0,10.0,5.0,15.0,💧 حجم أيام الصعود أعلى من النزول بنسبة 1.7x خلال 10 جلسات | 🔊 تسارع نشاط التداول: متوسط 5 أيام أعلى من متوسط 20 يوماً بـ1.3x | 👀 السهم يقترب من اختراق قمة 20 جلسة | 📐 السعر أعلى من المتوسط المتحرك 50 يوم | ⚠️ تحذير تصريف: تدفق نقدي سلبي (CMF≈-0.21) رغم ارتفاع السعر مؤخراً
154,2270,سدافكو,إنتاج الأغذية,202.8,0.6,43.0,16.1,👀 متابعة,6.5,4.3,0.3,5.0,0.0,0.1,🔊 تسارع نشاط التداول: متوسط 5 أيام أعلى من متوسط 20 يوماً بـ1.2x | ⚠️ هيمنة حجم أيام النزول على الصعود (نسبة 0.7x) - ضغط بيعي
155,7020,اتحاد اتصالات,الاتصالات,62.35,-1.2,46.4,15.9,👀 متابعة,1.5,4.3,5.0,5.0,0.0,0.0,🕯️ شمعة انعكاسية صعودية (ذيل سفلي طويل + إغلاق قوي) خلال آخر 3 جلسات | 👀 السهم يقترب من اختراق قمة 20 جلسة
156,4330,الرياض ريت,الصناديق العقارية المتداولة,4.86,0.4,57.9,15.8,⚠️ تصريف/توزيع,2.5,13.3,0.0,10.0,5.0,15.0,💧 حجم أيام الصعود أعلى من النزول بنسبة 2.7x خلال 10 جلسات | 👀 السهم يقترب من اختراق قمة 20 جلسة | 📐 السعر أعلى من المتوسط المتحرك 50 يوم | ⚠️ تحذير تصريف: تدفق نقدي سلبي (CMF≈-0.24) رغم ارتفاع السعر مؤخراً
157,2010,سابك,المواد الأساسية,51.45,2.7,58.9,14.7,⚠️ تصريف/توزيع,0.0,8.0,0.0,10.0,5.0,8.3,👀 السهم يقترب من اختراق قمة 20 جلسة | 📐 السعر أعلى من المتوسط المتحرك 50 يوم | ⚠️ تحذير تصريف: تدفق نقدي سلبي (CMF≈-0.10) رغم ارتفاع السعر مؤخراً
158,4007,الحمادي,الرعاية الصحية,27.08,2.0,52.9,14.5,⚠️ تصريف/توزيع,0.0,9.9,5.0,5.0,5.0,10.4,🔊 تسارع نشاط التداول: متوسط 5 أيام أعلى من متوسط 20 يوماً بـ1.9x | 🕯️ شمعة انعكاسية صعودية (ذيل سفلي طويل + إغلاق قوي) خلال آخر 3 جلسات | 📐 السعر أعلى من المتوسط المتحرك 50 يوم | ⚠️ تحذير تصريف: تدفق نقدي سلبي (CMF≈-0.13) رغم ارتفاع السعر مؤخراً
159,2286,المطاحن الرابعة,إنتاج الأغذية,4.02,5.2,63.7,14.0,⚠️ تصريف/توزيع,1.5,6.3,0.0,10.0,5.0,8.9,💧 حجم أيام الصعود أعلى من النزول بنسبة 1.2x خلال 10 جلسات | 👀 السهم يقترب من اختراق قمة 20 جلسة | 📐 السعر أعلى من المتوسط المتحرك 50 يوم | ⚠️ تحذير تصريف: تدفق نقدي سلبي (CMF≈-0.11) رغم ارتفاع السعر مؤخراً
160,3020,أسمنت اليمامة,المواد الأساسية,23.05,-1.2,50.0,13.9,⚠️ تصريف/توزيع,0.0,13.9,5.0,10.0,0.0,15.0,💧 حجم أيام الصعود أعلى من النزول بنسبة 2.0x خلال 10 جلسات | 🕯️ شمعة انعكاسية صعودية (ذيل سفلي طويل + إغلاق قوي) خلال آخر 3 جلسات | 👀 السهم يقترب من اختراق قمة 20 جلسة | ⚠️ تحذير تصريف: تدفق نقدي سلبي (CMF≈-0.29) رغم ارتفاع السعر مؤخراً
161,2060,التصنيع,المواد الأساسية,8.9,1.7,58.9,13.9,⚠️ تصريف/توزيع,0.0,7.6,5.0,10.0,5.0,13.7,💧 حجم أيام الصعود أعلى من النزول بنسبة 1.4x خلال 10 جلسات | 🕯️ شمعة انعكاسية صعودية (ذيل سفلي طويل + إغلاق قوي) خلال آخر 3 جلسات | 👀 السهم يقترب من اختراق قمة 20 جلسة | 📐 السعر أعلى من المتوسط المتحرك 50 يوم | ⚠️ تحذير تصريف: تدفق نقدي سلبي (CMF≈-0.18) رغم ارتفاع السعر مؤخراً
162,2330,المتقدمة,المواد الأساسية,23.12,5.1,65.4,13.9,⚠️ تصريف/توزيع,0.8,5.0,5.0,10.0,5.0,11.9,🔊 تسارع نشاط التداول: متوسط 5 أيام أعلى من متوسط 20 يوماً بـ1.4x | 🕯️ شمعة انعكاسية صعودية (ذيل سفلي طويل + إغلاق قوي) خلال آخر 3 جلسات | 👀 السهم يقترب من اختراق قمة 20 جلسة | 📐 السعر أعلى من المتوسط المتحرك 50 يوم | ⚠️ تحذير تصريف: تدفق نقدي سلبي (CMF≈-0.08) رغم ارتفاع السعر مؤخراً | ⚠️ هيمنة حجم أيام النزول على الصعود (نسبة 0.5x) - ضغط بيعي
163,2320,البابطين,السلع الرأسمالية,56.55,2.5,55.5,13.5,⚠️ تصريف/توزيع,0.0,12.0,0.0,10.0,0.0,8.5,💧 حجم أيام الصعود أعلى من النزول بنسبة 3.9x خلال 10 جلسات | 👀 السهم يقترب من اختراق قمة 20 جلسة | ⚠️ تحذير تصريف: تدفق نقدي سلبي (CMF≈-0.10) رغم ارتفاع السعر مؤخراً
164,4344,سدكو كابيتال ريت,الصناديق العقارية المتداولة,7.44,-3.9,31.4,13.4,👀 متابعة,0.0,11.2,2.2,0.0,0.0,0.0,🔊 تسارع نشاط التداول: متوسط 5 أيام أعلى من متوسط 20 يوماً بـ2.0x
165,4264,ناس,النقل,49.82,0.6,48.4,13.1,⚠️ تصريف/توزيع,5.6,2.5,5.0,10.0,0.0,10.0,🕯️ شمعة انعكاسية صعودية (ذيل سفلي طويل + إغلاق قوي) خلال آخر 3 جلسات | 👀 السهم يقترب من اختراق قمة 20 جلسة | ⚠️ هيمنة حجم أيام النزول على الصعود (نسبة 0.2x) - ضغط بيعي
166,6013,التطويرية الغذائية,الخدمات الاستهلاكية,93.8,3.8,58.5,13.0,⚠️ تصريف/توزيع,0.0,13.0,0.0,10.0,5.0,15.0,💧 حجم أيام الصعود أعلى من النزول بنسبة 1.4x خلال 10 جلسات | 🔊 تسارع نشاط التداول: متوسط 5 أيام أعلى من متوسط 20 يوماً بـ1.4x | 👀 السهم يقترب من اختراق قمة 20 جلسة | 📐 السعر أعلى من المتوسط المتحرك 50 يوم | ⚠️ تحذير تصريف: تدفق نقدي سلبي (CMF≈-0.21) رغم ارتفاع السعر مؤخراً
167,3050,أسمنت الجنوب,المواد الأساسية,18.86,1.5,64.4,12.9,⚠️ تصريف/توزيع,0.4,12.5,5.0,10.0,0.0,15.0,💧 حجم أيام الصعود أعلى من النزول بنسبة 6.4x خلال 10 جلسات | 🕯️ شمعة انعكاسية صعودية (ذيل سفلي طويل + إغلاق قوي) خلال آخر 3 جلسات | 👀 السهم يقترب من اختراق قمة 20 جلسة | ⚠️ تحذير تصريف: تدفق نقدي سلبي (CMF≈-0.22) رغم ارتفاع السعر مؤخراً
168,4260,بدجت السعودية,النقل,27.46,-1.9,36.2,12.8,⚠️ تصريف/توزيع,3.0,7.5,6.4,5.0,0.0,9.1,🔊 تسارع نشاط التداول: متوسط 5 أيام أعلى من متوسط 20 يوماً بـ1.7x | 🕯️ شمعة انعكاسية صعودية (ذيل سفلي طويل + إغلاق قوي) خلال آخر 3 جلسات | ⚠️ هيمنة حجم أيام النزول على الصعود (نسبة 0.3x) - ضغط بيعي
169,5110,السعودية للطاقة,المرافق العامة,17.55,1.8,56.5,12.6,👀 متابعة,2.6,2.2,0.0,5.0,5.0,2.2,📐 السعر أعلى من المتوسط المتحرك 50 يوم | ⚠️ هيمنة حجم أيام النزول على الصعود (نسبة 0.6x) - ضغط بيعي
170,3090,أسمنت تبوك,المواد الأساسية,7.45,0.8,54.8,12.0,⚠️ تصريف/توزيع,0.0,10.5,0.0,10.0,0.0,8.6,💧 حجم أيام الصعود أعلى من النزول بنسبة 1.3x خلال 10 جلسات | 🔊 تسارع نشاط التداول: متوسط 5 أيام أعلى من متوسط 20 يوماً بـ1.3x | 👀 السهم يقترب من اختراق قمة 20 جلسة | ⚠️ تحذير تصريف: تدفق نقدي سلبي (CMF≈-0.10) رغم ارتفاع السعر مؤخراً
171,7201,بحر العرب,التطبيقات وخدمات التقنية,3.38,4.0,60.3,11.7,⚠️ تصريف/توزيع,0.0,7.4,0.0,10.0,5.0,10.6,🔊 تسارع نشاط التداول: متوسط 5 أيام أعلى من متوسط 20 يوماً بـ1.5x | 👀 السهم يقترب من اختراق قمة 20 جلسة | 📐 السعر أعلى من المتوسط المتحرك 50 يوم | ⚠️ تحذير تصريف: تدفق نقدي سلبي (CMF≈-0.13) رغم ارتفاع السعر مؤخراً
172,4016,أفالون فارما,الأدوية,57.95,-0.3,41.6,11.4,⚠️ تصريف/توزيع,0.5,4.3,5.5,10.0,0.0,8.9,🔊 تسارع نشاط التداول: متوسط 5 أيام أعلى من متوسط 20 يوماً بـ1.3x | 🕯️ شمعة انعكاسية صعودية (ذيل سفلي طويل + إغلاق قوي) خلال آخر 3 جلسات | 👀 السهم يقترب من اختراق قمة 20 جلسة | ⚠️ هيمنة حجم أيام النزول على الصعود (نسبة 0.3x) - ضغط بيعي
173,4350,الإستثمار ريت,الصناديق العقارية المتداولة,6.81,-2.0,31.8,11.2,🔄 ارتداد من تشبع بيع,0.0,0.0,10.3,5.0,0.0,4.1,🔄 ارتداد من تشبع بيع: RSI عند 32 ويتجه للصعود | 🕯️ شمعة انعكاسية صعودية (ذيل سفلي طويل + إغلاق قوي) خلال آخر 3 جلسات | ⚠️ هيمنة حجم أيام النزول على الصعود (نسبة 0.5x) - ضغط بيعي
174,1214,شاكر,السلع الرأسمالية,12.37,-4.8,33.9,11.0,⚠️ تصريف/توزيع,7.3,6.7,6.8,0.0,0.0,9.8,🔊 تسارع نشاط التداول: متوسط 5 أيام أعلى من متوسط 20 يوماً بـ1.6x | 🕯️ شمعة انعكاسية صعودية (ذيل سفلي طويل + إغلاق قوي) خلال آخر 3 جلسات | ⚠️ هيمنة حجم أيام النزول على الصعود (نسبة 0.3x) - ضغط بيعي
175,4008,ساكو,تجزئة السلع الكمالية,21.96,0.7,46.1,10.6,👀 متابعة,3.9,1.8,5.0,0.0,0.0,0.1,🕯️ شمعة انعكاسية صعودية (ذيل سفلي طويل + إغلاق قوي) خلال آخر 3 جلسات | ⚠️ هيمنة حجم أيام النزول على الصعود (نسبة 0.7x) - ضغط بيعي
176,4240,سينومي ريتيل,تجزئة السلع الكمالية,12.61,4.2,63.6,10.3,⚠️ تصريف/توزيع,0.0,8.4,0.0,10.0,5.0,13.1,🔊 تسارع نشاط التداول: متوسط 5 أيام أعلى من متوسط 20 يوماً بـ1.3x | 👀 السهم يقترب من اختراق قمة 20 جلسة | 📐 السعر أعلى من المتوسط المتحرك 50 يوم | ⚠️ تحذير تصريف: تدفق نقدي سلبي (CMF≈-0.17) رغم ارتفاع السعر مؤخراً
177,4020,العقارية,إدارة وتطوير العقارات,16.19,0.1,51.3,9.9,⚠️ تصريف/توزيع,0.1,14.8,0.0,10.0,0.0,15.0,💧 حجم أيام الصعود أعلى من النزول بنسبة 1.3x خلال 10 جلسات | 🔊 تسارع نشاط التداول: متوسط 5 أيام أعلى من متوسط 20 يوماً بـ2.4x | 👀 السهم يقترب من اختراق قمة 20 جلسة | ⚠️ تحذير تصريف: تدفق نقدي سلبي (CMF≈-0.21) رغم ارتفاع السعر مؤخراً
178,4061,أنعام القابضة,تجزئة وتوزيع السلع الاستهلاكية,11.82,5.2,67.3,9.3,⚠️ تصريف/توزيع,0.0,0.0,5.0,12.0,5.0,12.7,🕯️ شمعة انعكاسية صعودية (ذيل سفلي طويل + إغلاق قوي) خلال آخر 3 جلسات | 🚀 اختراق فني: إغلاق فوق أعلى قمة لـ20 جلسة بحجم 0.5x المتوسط | 📐 السعر أعلى من المتوسط المتحرك 50 يوم | ⚠️ تحذير تصريف: تدفق نقدي سلبي (CMF≈-0.10) رغم ارتفاع السعر مؤخراً | ⚠️ هيمنة حجم أيام النزول على الصعود (نسبة 0.5x) - ضغط بيعي
179,2285,المطاحن العربية,إنتاج الأغذية,44.16,-1.3,42.5,9.0,👀 متابعة,0.0,0.1,1.0,10.0,0.0,2.2,📊 تقاطع MACD صعودي حديث (زخم إيجابي متجدد) | ⚠️ هيمنة حجم أيام النزول على الصعود (نسبة 0.6x) - ضغط بيعي
180,4335,مشاركة ريت,الصناديق العقارية المتداولة,3.52,1.4,54.7,8.3,⚠️ تصريف/توزيع,0.0,12.0,0.0,10.0,0.0,13.7,💧 حجم أيام الصعود أعلى من النزول بنسبة 7.0x خلال 10 جلسات | 👀 السهم يقترب من اختراق قمة 20 جلسة | ⚠️ تحذير تصريف: تدفق نقدي سلبي (CMF≈-0.18) رغم ارتفاع السعر مؤخراً
181,4325,مسار,إدارة وتطوير العقارات,16.77,1.1,49.9,8.1,⚠️ تصريف/توزيع,1.1,5.4,5.0,5.0,0.0,8.4,🕯️ شمعة انعكاسية صعودية (ذيل سفلي طويل + إغلاق قوي) خلال آخر 3 جلسات | ⚠️ تحذير تصريف: تدفق نقدي سلبي (CMF≈-0.10) رغم ارتفاع السعر مؤخراً
182,2210,نما للكيماويات,المواد الأساسية,18.72,-3.1,33.7,7.7,👀 متابعة,0.0,3.2,4.5,0.0,0.0,0.0,🔄 ارتداد من تشبع بيع: RSI عند 34 ويتجه للصعود
183,4191,أبو معطي,تجزئة السلع الكمالية,40.94,2.6,52.2,7.4,⚠️ تصريف/توزيع,1.7,5.7,5.0,5.0,5.0,15.0,🕯️ شمعة انعكاسية صعودية (ذيل سفلي طويل + إغلاق قوي) خلال آخر 3 جلسات | 📐 السعر أعلى من المتوسط المتحرك 50 يوم | ⚠️ تحذير تصريف: تدفق نقدي سلبي (CMF≈-0.22) رغم ارتفاع السعر مؤخراً
184,4003,إكسترا,تجزئة السلع الكمالية,67.55,2.7,54.1,6.9,⚠️ تصريف/توزيع,0.0,8.4,0.0,10.0,5.0,16.5,🔊 تسارع نشاط التداول: متوسط 5 أيام أعلى من متوسط 20 يوماً بـ1.8x | 👀 السهم يقترب من اختراق قمة 20 جلسة | 📐 السعر أعلى من المتوسط المتحرك 50 يوم | ⚠️ تحذير تصريف: تدفق نقدي سلبي (CMF≈-0.20) رغم ارتفاع السعر مؤخراً | ⚠️ هيمنة حجم أيام النزول على الصعود (نسبة 0.6x) - ضغط بيعي
185,2140,أيان,الرعاية الصحية,9.3,0.0,36.8,6.8,⚠️ تصريف/توزيع,0.0,5.5,6.3,10.0,0.0,15.0,🕯️ شمعة انعكاسية صعودية (ذيل سفلي طويل + إغلاق قوي) خلال آخر 3 جلسات | 👀 السهم يقترب من اختراق قمة 20 جلسة | ⚠️ تحذير تصريف: تدفق نقدي سلبي (CMF≈-0.20) رغم ارتفاع السعر مؤخراً
186,4321,سينومي سنترز,إدارة وتطوير العقارات,15.81,0.8,53.2,6.0,⚠️ تصريف/توزيع,0.7,4.6,0.0,10.0,0.0,9.3,🔊 تسارع نشاط التداول: متوسط 5 أيام أعلى من متوسط 20 يوماً بـ1.3x | 👀 السهم يقترب من اختراق قمة 20 جلسة | ⚠️ تحذير تصريف: تدفق نقدي سلبي (CMF≈-0.09) رغم ارتفاع السعر مؤخراً | ⚠️ هيمنة حجم أيام النزول على الصعود (نسبة 0.6x) - ضغط بيعي
187,4349,الإنماء ريت الفندقي,الصناديق العقارية المتداولة,8.07,0.2,48.7,5.4,⚠️ تصريف/توزيع,0.0,2.0,0.0,10.0,0.0,6.6,👀 السهم يقترب من اختراق قمة 20 جلسة | ⚠️ هيمنة حجم أيام النزول على الصعود (نسبة 0.4x) - ضغط بيعي
188,4162,المنجم,تجزئة وتوزيع السلع الاستهلاكية,61.2,1.6,58.4,5.4,⚠️ تصريف/توزيع,0.0,5.4,0.0,10.0,5.0,15.0,👀 السهم يقترب من اختراق قمة 20 جلسة | 📐 السعر أعلى من المتوسط المتحرك 50 يوم | ⚠️ تحذير تصريف: تدفق نقدي سلبي (CMF≈-0.23) رغم ارتفاع السعر مؤخراً
189,4150,التعمير,إدارة وتطوير العقارات,15.97,-2.3,27.7,4.5,⚠️ تصريف/توزيع,0.1,1.6,7.8,5.0,0.0,10.0,⏳ تشبع بيع واضح: RSI عند 28 (بانتظار تأكيد الارتداد) | 🕯️ شمعة انعكاسية صعودية (ذيل سفلي طويل + إغلاق قوي) خلال آخر 3 جلسات | ⚠️ هيمنة حجم أيام النزول على الصعود (نسبة 0.1x) - ضغط بيعي
190,2281,تنمية,إنتاج الأغذية,55.55,1.5,53.6,4.4,⚠️ تصريف/توزيع,0.0,9.4,0.0,10.0,0.0,15.0,💧 حجم أيام الصعود أعلى من النزول بنسبة 1.5x خلال 10 جلسات | 👀 السهم يقترب من اختراق قمة 20 جلسة | ⚠️ تحذير تصريف: تدفق نقدي سلبي (CMF≈-0.34) رغم ارتفاع السعر مؤخراً
191,3040,أسمنت القصيم,المواد الأساسية,43.26,-3.3,27.6,4.2,⚠️ تصريف/توزيع,0.0,1.3,6.9,5.0,0.0,9.1,🔄 ارتداد من تشبع بيع: RSI عند 28 ويتجه للصعود | ⚠️ تحذير تصريف: تدفق نقدي سلبي (CMF≈-0.11) رغم ارتفاع السعر مؤخراً
192,4337,العزيزية ريت,الصناديق العقارية المتداولة,4.75,-3.3,34.9,3.9,⚠️ تصريف/توزيع,2.3,0.0,6.6,5.0,0.0,10.0,🕯️ شمعة انعكاسية صعودية (ذيل سفلي طويل + إغلاق قوي) خلال آخر 3 جلسات | ⚠️ هيمنة حجم أيام النزول على الصعود (نسبة 0.0x) - ضغط بيعي
193,4333,تعليم ريت,الصناديق العقارية المتداولة,10.28,0.0,40.5,3.7,⚠️ تصريف/توزيع,0.0,8.0,5.7,0.0,0.0,10.0,🔊 تسارع نشاط التداول: متوسط 5 أيام أعلى من متوسط 20 يوماً بـ2.1x | 🕯️ شمعة انعكاسية صعودية (ذيل سفلي طويل + إغلاق قوي) خلال آخر 3 جلسات | ⚠️ هيمنة حجم أيام النزول على الصعود (نسبة 0.2x) - ضغط بيعي
194,4070,تهامة,الإعلام والترفيه,17.22,2.4,51.7,3.6,⚠️ تصريف/توزيع,0.0,4.7,5.0,5.0,5.0,16.1,🔊 تسارع نشاط التداول: متوسط 5 أيام أعلى من متوسط 20 يوماً بـ1.3x | 🕯️ شمعة انعكاسية صعودية (ذيل سفلي طويل + إغلاق قوي) خلال آخر 3 جلسات | 📐 السعر أعلى من المتوسط المتحرك 50 يوم | ⚠️ تحذير تصريف: تدفق نقدي سلبي (CMF≈-0.37) رغم ارتفاع السعر مؤخراً | ⚠️ هيمنة حجم أيام النزول على الصعود (نسبة 0.7x) - ضغط بيعي
195,3003,أسمنت المدينة,المواد الأساسية,10.17,0.7,46.1,3.4,⚠️ تصريف/توزيع,1.3,1.3,0.0,10.0,0.0,9.2,👀 السهم يقترب من اختراق قمة 20 جلسة | ⚠️ هيمنة حجم أيام النزول على الصعود (نسبة 0.3x) - ضغط بيعي
196,4145,أو جي سي,السلع الرأسمالية,23.87,-1.1,43.8,2.6,⚠️ تصريف/توزيع,0.0,5.4,5.5,0.0,0.0,8.3,🔊 تسارع نشاط التداول: متوسط 5 أيام أعلى من متوسط 20 يوماً بـ1.5x | 🕯️ شمعة انعكاسية صعودية (ذيل سفلي طويل + إغلاق قوي) خلال آخر 3 جلسات | ⚠️ هيمنة حجم أيام النزول على الصعود (نسبة 0.4x) - ضغط بيعي
197,2190,سيسكو القابضة,النقل,34.76,-2.7,33.9,2.3,⚠️ تصريف/توزيع,0.0,7.8,1.8,0.0,0.0,7.3,🔊 تسارع نشاط التداول: متوسط 5 أيام أعلى من متوسط 20 يوماً بـ1.8x | ⚠️ هيمنة حجم أيام النزول على الصعود (نسبة 0.4x) - ضغط بيعي
198,2310,سبكيم العالمية,المواد الأساسية,13.15,0.7,50.1,2.0,⚠️ تصريف/توزيع,0.0,1.0,5.0,10.0,0.0,14.0,🕯️ شمعة انعكاسية صعودية (ذيل سفلي طويل + إغلاق قوي) خلال آخر 3 جلسات | 👀 السهم يقترب من اختراق قمة 20 جلسة | ⚠️ تحذير تصريف: تدفق نقدي سلبي (CMF≈-0.12) رغم ارتفاع السعر مؤخراً | ⚠️ هيمنة حجم أيام النزول على الصعود (نسبة 0.5x) - ضغط بيعي
199,4071,العربية,الإعلام والترفيه,82.0,-0.6,51.0,0.0,⚠️ تصريف/توزيع,0.0,1.9,5.0,10.0,0.0,22.5,🕯️ شمعة انعكاسية صعودية (ذيل سفلي طويل + إغلاق قوي) خلال آخر 3 جلسات | 👀 السهم يقترب من اختراق قمة 20 جلسة | ⚠️ تحذير تصريف: تدفق نقدي سلبي (CMF≈-0.30) رغم ارتفاع السعر مؤخراً | ⚠️ هيمنة حجم أيام النزول على الصعود (نسبة 0.4x) - ضغط بيعي
200,4340,الراجحي ريت,الصناديق العقارية المتداولة,8.12,1.0,56.3,0.0,⚠️ تصريف/توزيع,0.0,0.5,0.0,10.0,5.0,16.9,👀 السهم يقترب من اختراق قمة 20 جلسة | 📐 السعر أعلى من المتوسط المتحرك 50 يوم | ⚠️ تحذير تصريف: تدفق نقدي سلبي (CMF≈-0.23) رغم ارتفاع السعر مؤخراً | ⚠️ هيمنة حجم أيام النزول على الصعود (نسبة 0.6x) - ضغط بيعي
201,4030,البحري,الطاقة,30.98,-4.6,40.8,0.0,⚠️ تصريف/توزيع,0.0,0.9,1.7,5.0,0.0,23.5,⚠️ تحذير تصريف: تدفق نقدي سلبي (CMF≈-0.23) رغم ارتفاع السعر مؤخراً | ⚠️ هيمنة حجم أيام النزول على الصعود (نسبة 0.4x) - ضغط بيعي
202,4100,مكة,إدارة وتطوير العقارات,80.5,-0.6,43.2,0.0,⚠️ تصريف/توزيع,0.0,2.1,0.7,5.0,0.0,10.0,⚠️ هيمنة حجم أيام النزول على الصعود (نسبة 0.3x) - ضغط بيعي
203,2001,كيمانول,المواد الأساسية,33.44,277.9,74.9,0.0,⚠️ تصريف/توزيع,0.0,0.9,0.0,0.0,10.0,13.0,📐 ترتيب صاعد للمتوسطات: السعر > متوسط 50 > متوسط 100 يوم | ⚠️ تحذير تصريف: تدفق نقدي سلبي (CMF≈-0.17) رغم ارتفاع السعر مؤخراً | ⚠️ هيمنة حجم أيام النزول على الصعود (نسبة 0.7x) - ضغط بيعي
204,4339,دراية ريت,الصناديق العقارية المتداولة,5.34,0.2,46.1,0.0,⚠️ تصريف/توزيع,0.0,3.7,0.0,10.0,0.0,23.0,🔊 تسارع نشاط التداول: متوسط 5 أيام أعلى من متوسط 20 يوماً بـ1.3x | 👀 السهم يقترب من اختراق قمة 20 جلسة | ⚠️ تحذير تصريف: تدفق نقدي سلبي (CMF≈-0.17) رغم ارتفاع السعر مؤخراً | ⚠️ هيمنة حجم أيام النزول على الصعود (نسبة 0.3x) - ضغط بيعي
205,4142,كابلات الرياض,السلع الرأسمالية,103.8,0.8,53.7,0.0,⚠️ تصريف/توزيع,0.0,1.5,5.0,10.0,0.0,22.9,🕯️ شمعة انعكاسية صعودية (ذيل سفلي طويل + إغلاق قوي) خلال آخر 3 جلسات | 👀 السهم يقترب من اختراق قمة 20 جلسة | ⚠️ تحذير تصريف: تدفق نقدي سلبي (CMF≈-0.28) رغم ارتفاع السعر مؤخراً | ⚠️ هيمنة حجم أيام النزول على الصعود (نسبة 0.4x) - ضغط بيعي
